,PROPERTY: Calculated Density (g/cm$^3$),PROPERTY: Test temperature ($^\circ$C),PROPERTY: YS (MPa),PROPERTY: Calculated Young modulus (GPa),PROPERTY: Type of test::C,PROPERTY: Type of test::T,PROPERTY: Processing method::CAST,PROPERTY: Processing method::WROUGHT,PROPERTY: Processing method::ANNEAL,PROPERTY: Processing method::OTHER,PROPERTY: Processing method::POWDER,PROPERTY: Microstructure::BCC,PROPERTY: Microstructure::FCC,FORMULA::Al,FORMULA::Co,FORMULA::Fe,FORMULA::Ni,FORMULA::Si,FORMULA::Cr,FORMULA::Mn,FORMULA::Mo,FORMULA::Nb,FORMULA::Cu,FORMULA::Ti,FORMULA::V,FORMULA::Ta,FORMULA::Zr,FORMULA::Hf,FORMULA::W,FORMULA::Zn,FORMULA::Re,FORMULA::Mg
0,7.9,25.0,158.0,192.0,1,0,1,0,0,0,0,0,1,0.25,1.0,1.0,1.0,0.0,0.0,0.0,0.0,0.0,0.0,0.0,0.0,0.0,0.0,0.0,0.0,0.0,0.0,0.0
3,6.6,25.0,964.0,162.0,1,0,1,0,0,0,0,1,0,1.0,1.0,1.0,1.0,0.0,0.0,0.0,0.0,0.0,0.0,0.0,0.0,0.0,0.0,0.0,0.0,0.0,0.0,0.0
4,8.5,25.0,204.0,207.0,1,0,1,0,0,0,0,0,1,0.0,1.0,1.0,1.0,0.0,0.0,0.0,0.0,0.0,0.0,0.0,0.0,0.0,0.0,0.0,0.0,0.0,0.0,0.0
5,8.5,25.0,209.0,207.0,1,0,1,0,0,0,0,0,1,0.0,1.0,1.0,1.0,0.0,0.0,0.0,0.0,0.0,0.0,0.0,0.0,0.0,0.0,0.0,0.0,0.0,0.0,0.0
6,7.7,25.0,196.0,186.0,1,0,1,0,0,0,0,0,1,0.0,1.0,1.0,1.0,0.25,0.0,0.0,0.0,0.0,0.0,0.0,0.0,0.0,0.0,0.0,0.0,0.0,0.0,0.0
9,8.2,25.0,274.0,226.0,0,1,0,1,0,0,0,0,1,0.0,1.0,1.0,1.0,0.0,1.0,0.0,0.0,0.0,0.0,0.0,0.0,0.0,0.0,0.0,0.0,0.0,0.0,0.0
10,8.1,25.0,282.0,222.0,0,1,0,1,0,0,0,0,1,0.0,1.0,0.0,1.0,0.0,1.0,1.0,0.0,0.0,0.0,0.0,0.0,0.0,0.0,0.0,0.0,0.0,0.0,0.0
11,8.3,25.0,300.0,231.0,0,1,0,1,0,0,0,0,1,0.0,1.0,0.0,1.0,0.0,1.0,0.0,0.0,0.0,0.0,0.0,0.0,0.0,0.0,0.0,0.0,0.0,0.0,0.0
12,8.2,25.0,170.0,204.0,0,1,0,1,0,0,0,0,1,0.0,1.0,1.0,1.0,0.0,0.0,1.0,0.0,0.0,0.0,0.0,0.0,0.0,0.0,0.0,0.0,0.0,0.0,0.0
13,8.5,25.0,211.0,207.0,0,1,0,1,0,0,0,0,1,0.0,1.0,1.0,1.0,0.0,0.0,0.0,0.0,0.0,0.0,0.0,0.0,0.0,0.0,0.0,0.0,0.0,0.0,0.0
14,8.4,25.0,231.0,202.0,0,1,0,1,0,0,0,0,1,0.0,1.0,0.0,1.0,0.0,0.0,1.0,0.0,0.0,0.0,0.0,0.0,0.0,0.0,0.0,0.0,0.0,0.0,0.0
15,8.1,25.0,221.0,203.0,0,1,0,1,0,0,0,0,1,0.0,0.0,1.0,1.0,0.0,0.0,1.0,0.0,0.0,0.0,0.0,0.0,0.0,0.0,0.0,0.0,0.0,0.0,0.0
21,8.2,25.0,148.0,226.0,0,1,1,0,0,0,0,0,1,0.0,1.0,1.0,1.0,0.0,1.0,0.0,0.0,0.0,0.0,0.0,0.0,0.0,0.0,0.0,0.0,0.0,0.0,0.0
67,6.7,25.0,1251.0,184.0,1,0,1,0,0,0,0,1,0,1.0,1.0,1.0,1.0,0.0,1.0,0.0,0.0,0.0,0.0,0.0,0.0,0.0,0.0,0.0,0.0,0.0,0.0,0.0
75,6.7,25.0,1138.0,184.0,1,0,1,0,0,0,0,1,0,1.0,1.0,1.0,1.0,0.0,1.0,0.0,0.0,0.0,0.0,0.0,0.0,0.0,0.0,0.0,0.0,0.0,0.0,0.0
76,6.8,25.0,1804.0,188.0,1,0,1,0,0,0,0,1,0,1.0,1.0,1.0,1.0,0.0,1.0,0.0,0.1,0.0,0.0,0.0,0.0,0.0,0.0,0.0,0.0,0.0,0.0,0.0
81,6.7,25.0,1051.0,184.0,1,0,1,0,0,0,0,1,0,1.0,1.0,1.0,1.0,0.0,1.0,0.0,0.0,0.0,0.0,0.0,0.0,0.0,0.0,0.0,0.0,0.0,0.0,0.0
82,6.8,25.0,1641.0,182.0,1,0,1,0,0,0,0,1,0,1.0,1.0,1.0,1.0,0.0,1.0,0.0,0.0,0.1,0.0,0.0,0.0,0.0,0.0,0.0,0.0,0.0,0.0,0.0
86,6.7,25.0,1373.0,184.0,1,0,1,0,0,0,0,1,0,1.0,1.0,1.0,1.0,0.0,1.0,0.0,0.0,0.0,0.0,0.0,0.0,0.0,0.0,0.0,0.0,0.0,0.0,0.0
101,6.7,25.0,1110.0,184.0,1,0,1,0,0,0,0,1,0,1.0,1.0,1.0,1.0,0.0,1.0,0.0,0.0,0.0,0.0,0.0,0.0,0.0,0.0,0.0,0.0,0.0,0.0,0.0
103,6.5,25.0,1265.0,176.0,1,0,1,0,0,0,0,1,0,1.0,1.0,1.0,1.0,0.2,1.0,0.0,0.0,0.0,0.0,0.0,0.0,0.0,0.0,0.0,0.0,0.0,0.0,0.0
104,6.2,25.0,1481.0,169.0,1,0,1,0,0,0,0,1,0,1.0,1.0,1.0,1.0,0.4,1.0,0.0,0.0,0.0,0.0,0.0,0.0,0.0,0.0,0.0,0.0,0.0,0.0,0.0
105,6.0,25.0,1834.0,162.0,1,0,1,0,0,0,0,1,0,1.0,1.0,1.0,1.0,0.6,1.0,0.0,0.0,0.0,0.0,0.0,0.0,0.0,0.0,0.0,0.0,0.0,0.0,0.0
108,7.5,25.0,750.0,189.0,1,0,1,0,0,0,0,0,1,0.25,1.0,1.0,1.0,0.0,1.0,0.0,0.0,0.0,0.75,0.5,0.0,0.0,0.0,0.0,0.0,0.0,0.0,0.0
111,7.8,25.0,700.0,194.0,1,0,1,0,0,0,0,0,1,0.0,1.0,1.0,1.0,0.0,1.0,0.0,0.0,0.0,1.0,0.5,0.0,0.0,0.0,0.0,0.0,0.0,0.0,0.0
125,7.7,25.0,220.0,212.0,0,1,1,0,0,0,0,0,1,0.2,1.0,1.0,1.0,0.0,1.0,1.0,0.0,0.0,0.0,0.0,0.0,0.0,0.0,0.0,0.0,0.0,0.0,0.0
126,7.5,25.0,244.0,205.0,0,1,1,0,0,0,0,0,1,0.38,1.0,1.0,1.0,0.0,1.0,1.0,0.0,0.0,0.0,0.0,0.0,0.0,0.0,0.0,0.0,0.0,0.0,0.0
137,8.0,25.0,208.0,220.0,0,1,1,0,0,0,0,0,1,0.0,1.0,1.0,1.0,0.0,1.0,1.0,0.0,0.0,0.0,0.0,0.0,0.0,0.0,0.0,0.0,0.0,0.0,0.0
139,8.0,25.0,230.0,220.0,1,0,0,0,1,0,0,0,1,0.0,1.0,1.0,1.0,0.0,1.0,1.0,0.0,0.0,0.0,0.0,0.0,0.0,0.0,0.0,0.0,0.0,0.0,0.0
143,7.8,25.0,620.0,210.0,1,0,0,0,1,0,0,0,1,0.0,1.0,1.0,1.0,0.0,1.0,1.0,0.0,0.0,0.0,0.0,0.5,0.0,0.0,0.0,0.0,0.0,0.0,0.0
169,7.4,25.0,1272.0,185.0,1,0,1,0,0,0,0,0,1,0.0,1.0,1.0,1.0,0.0,1.0,0.0,0.0,0.0,1.0,1.0,0.0,0.0,0.0,0.0,0.0,0.0,0.0,0.0
170,7.8,25.0,700.0,194.0,1,0,1,0,0,0,0,0,1,0.0,1.0,1.0,1.0,0.0,1.0,0.0,0.0,0.0,1.0,0.5,0.0,0.0,0.0,0.0,0.0,0.0,0.0,0.0
239,5.9,25.0,980.0,131.0,1,0,1,0,0,0,0,0,1,1.0,0.0,0.667,0.889,0.0,0.0,0.0,0.0,0.0,0.889,1.0,0.0,0.0,0.0,0.0,0.0,0.0,0.0,0.0
240,5.9,25.0,980.0,131.0,1,0,1,0,0,0,0,0,1,1.0,0.0,0.667,0.889,0.0,0.0,0.0,0.0,0.0,0.889,1.0,0.0,0.0,0.0,0.0,0.0,0.0,0.0,0.0
241,6.1,25.0,1074.0,137.0,1,0,1,0,0,0,0,0,1,1.0,0.0,1.0,1.0,0.0,0.0,0.0,0.0,0.0,1.0,1.0,0.0,0.0,0.0,0.0,0.0,0.0,0.0,0.0
242,5.7,25.0,300.0,122.0,1,0,1,0,0,0,0,0,1,1.0,0.0,0.0,1.0,0.0,0.0,0.0,0.0,0.0,1.0,1.0,0.0,0.0,0.0,0.0,0.0,0.0,0.0,0.0
250,7.7,25.0,1965.0,107.0,1,0,0,0,0,1,0,1,0,0.214,0.0,0.0,0.0,0.0,0.0,0.0,0.0,0.714,0.0,1.0,0.143,0.571,0.929,0.0,0.0,0.0,0.0,0.0
251,7.7,800.0,678.0,107.0,1,0,0,0,0,1,0,1,0,0.214,0.0,0.0,0.0,0.0,0.0,0.0,0.0,0.714,0.0,1.0,0.143,0.571,0.929,0.0,0.0,0.0,0.0,0.0
252,7.7,1000.0,166.0,107.0,1,0,0,0,0,1,0,1,0,0.214,0.0,0.0,0.0,0.0,0.0,0.0,0.0,0.714,0.0,1.0,0.143,0.571,0.929,0.0,0.0,0.0,0.0,0.0
253,8.1,25.0,1965.0,110.0,1,0,0,0,0,1,0,1,0,0.214,0.0,0.0,0.0,0.0,0.0,0.0,0.0,0.714,0.0,1.0,0.0,0.714,0.929,0.0,0.0,0.0,0.0,0.0
254,8.1,800.0,362.0,110.0,1,0,0,0,0,1,0,1,0,0.214,0.0,0.0,0.0,0.0,0.0,0.0,0.0,0.714,0.0,1.0,0.0,0.714,0.929,0.0,0.0,0.0,0.0,0.0
255,8.1,1000.0,236.0,110.0,1,0,0,0,0,1,0,1,0,0.214,0.0,0.0,0.0,0.0,0.0,0.0,0.0,0.714,0.0,1.0,0.0,0.714,0.929,0.0,0.0,0.0,0.0,0.0
256,9.1,25.0,1841.0,107.0,1,0,0,0,0,1,0,1,0,0.4,0.0,0.0,0.0,0.0,0.0,0.0,0.0,1.0,0.0,1.0,0.0,1.0,1.0,0.6,0.0,0.0,0.0,0.0
257,9.1,800.0,796.0,107.0,1,0,0,0,0,1,0,1,0,0.4,0.0,0.0,0.0,0.0,0.0,0.0,0.0,1.0,0.0,1.0,0.0,1.0,1.0,0.6,0.0,0.0,0.0,0.0
258,9.1,1000.0,298.0,107.0,1,0,0,0,0,1,0,1,0,0.4,0.0,0.0,0.0,0.0,0.0,0.0,0.0,1.0,0.0,1.0,0.0,1.0,1.0,0.6,0.0,0.0,0.0,0.0
259,7.6,25.0,2035.0,109.0,1,0,0,0,0,1,0,1,0,0.333,0.0,0.0,0.0,0.0,0.0,0.0,0.0,0.667,0.0,1.0,0.133,0.533,0.667,0.0,0.0,0.0,0.0,0.0
260,7.6,800.0,796.0,109.0,1,0,0,0,0,1,0,1,0,0.333,0.0,0.0,0.0,0.0,0.0,0.0,0.0,0.667,0.0,1.0,0.133,0.533,0.667,0.0,0.0,0.0,0.0,0.0
261,7.6,1000.0,220.0,109.0,1,0,0,0,0,1,0,1,0,0.333,0.0,0.0,0.0,0.0,0.0,0.0,0.0,0.667,0.0,1.0,0.133,0.533,0.667,0.0,0.0,0.0,0.0,0.0
266,6.8,25.0,1280.0,105.0,1,0,0,0,0,1,0,1,0,0.667,0.0,0.0,0.0,0.0,0.0,0.0,0.0,1.0,0.0,1.0,0.0,0.333,0.333,0.0,0.0,0.0,0.0,0.0
267,6.8,800.0,728.0,105.0,1,0,0,0,0,1,0,1,0,0.667,0.0,0.0,0.0,0.0,0.0,0.0,0.0,1.0,0.0,1.0,0.0,0.333,0.333,0.0,0.0,0.0,0.0,0.0
268,6.8,1000.0,403.0,105.0,1,0,0,0,0,1,0,1,0,0.667,0.0,0.0,0.0,0.0,0.0,0.0,0.0,1.0,0.0,1.0,0.0,0.333,0.333,0.0,0.0,0.0,0.0,0.0
269,9.5,25.0,1188.0,105.0,1,0,1,0,0,0,0,1,0,0.3,0.0,0.0,0.0,0.0,0.0,0.0,0.0,1.0,0.0,1.0,0.0,1.0,1.0,1.0,0.0,0.0,0.0,0.0
270,9.3,25.0,1302.0,104.0,1,0,1,0,0,0,0,1,0,0.5,0.0,0.0,0.0,0.0,0.0,0.0,0.0,1.0,0.0,1.0,0.0,1.0,1.0,1.0,0.0,0.0,0.0,0.0
271,9.1,25.0,1415.0,103.0,1,0,1,0,0,0,0,1,0,0.75,0.0,0.0,0.0,0.0,0.0,0.0,0.0,1.0,0.0,1.0,0.0,1.0,1.0,1.0,0.0,0.0,0.0,0.0
273,9.9,25.0,1073.0,107.0,1,0,1,0,0,0,0,1,0,0.0,0.0,0.0,0.0,0.0,0.0,0.0,0.0,1.0,0.0,1.0,0.0,1.0,1.0,1.0,0.0,0.0,0.0,0.0
274,7.1,25.0,1250.0,161.0,1,0,1,0,0,0,0,1,0,0.25,0.0,0.0,0.0,0.0,0.0,0.0,1.0,1.0,0.0,1.0,1.0,0.0,0.0,0.0,0.0,0.0,0.0,0.0
275,6.8,25.0,1625.0,156.0,1,0,1,0,0,0,0,1,0,0.5,0.0,0.0,0.0,0.0,0.0,0.0,1.0,1.0,0.0,1.0,1.0,0.0,0.0,0.0,0.0,0.0,0.0,0.0
276,6.6,25.0,1260.0,151.0,1,0,1,0,0,0,0,1,0,0.75,0.0,0.0,0.0,0.0,0.0,0.0,1.0,1.0,0.0,1.0,1.0,0.0,0.0,0.0,0.0,0.0,0.0,0.0
277,6.4,25.0,1375.0,147.0,1,0,1,0,0,0,0,1,0,1.0,0.0,0.0,0.0,0.0,0.0,0.0,1.0,1.0,0.0,1.0,1.0,0.0,0.0,0.0,0.0,0.0,0.0,0.0
278,7.3,25.0,1200.0,167.0,1,0,1,0,0,0,0,1,0,0.0,0.0,0.0,0.0,0.0,0.0,0.0,1.0,1.0,0.0,1.0,1.0,0.0,0.0,0.0,0.0,0.0,0.0,0.0
279,8.8,25.0,1330.0,130.0,1,0,1,0,0,0,0,1,0,0.25,0.0,0.0,0.0,0.0,0.0,0.0,0.0,1.0,0.0,1.0,1.0,1.0,0.0,0.0,0.0,0.0,0.0,0.0
280,8.5,25.0,1014.0,127.0,1,0,1,0,0,0,0,1,0,0.5,0.0,0.0,0.0,0.0,0.0,0.0,0.0,1.0,0.0,1.0,1.0,1.0,0.0,0.0,0.0,0.0,0.0,0.0
281,7.9,25.0,993.0,122.0,1,0,1,0,0,0,0,1,0,1.0,0.0,0.0,0.0,0.0,0.0,0.0,0.0,1.0,0.0,1.0,1.0,1.0,0.0,0.0,0.0,0.0,0.0,0.0
282,9.2,25.0,1092.0,134.0,1,0,1,0,0,0,0,1,0,0.0,0.0,0.0,0.0,0.0,0.0,0.0,0.0,1.0,0.0,1.0,1.0,1.0,0.0,0.0,0.0,0.0,0.0,0.0
283,5.5,25.0,1020.0,104.0,1,0,0,0,1,0,0,1,0,1.0,0.0,0.0,0.0,0.0,0.0,0.0,0.0,1.0,0.0,1.0,1.0,0.0,0.0,0.0,0.0,0.0,0.0,0.0
284,5.5,600.0,810.0,104.0,1,0,0,0,1,0,0,1,0,1.0,0.0,0.0,0.0,0.0,0.0,0.0,0.0,1.0,0.0,1.0,1.0,0.0,0.0,0.0,0.0,0.0,0.0,0.0
285,5.5,800.0,685.0,104.0,1,0,0,0,1,0,0,1,0,1.0,0.0,0.0,0.0,0.0,0.0,0.0,0.0,1.0,0.0,1.0,1.0,0.0,0.0,0.0,0.0,0.0,0.0,0.0
286,5.5,1000.0,158.0,104.0,1,0,0,0,1,0,0,1,0,1.0,0.0,0.0,0.0,0.0,0.0,0.0,0.0,1.0,0.0,1.0,1.0,0.0,0.0,0.0,0.0,0.0,0.0,0.0
299,6.4,25.0,918.0,105.0,1,0,0,0,0,1,0,1,0,0.0,0.0,0.0,0.0,0.0,0.0,0.0,0.0,0.5,0.0,0.5,1.0,0.0,0.5,0.0,0.0,0.0,0.0,0.0
300,6.4,600.0,571.0,105.0,1,0,0,0,0,1,0,1,0,0.0,0.0,0.0,0.0,0.0,0.0,0.0,0.0,0.5,0.0,0.5,1.0,0.0,0.5,0.0,0.0,0.0,0.0,0.0
301,6.4,800.0,240.0,105.0,1,0,0,0,0,1,0,1,0,0.0,0.0,0.0,0.0,0.0,0.0,0.0,0.0,0.5,0.0,0.5,1.0,0.0,0.5,0.0,0.0,0.0,0.0,0.0
302,6.4,1000.0,72.0,105.0,1,0,0,0,0,1,0,1,0,0.0,0.0,0.0,0.0,0.0,0.0,0.0,0.0,0.5,0.0,0.5,1.0,0.0,0.5,0.0,0.0,0.0,0.0,0.0
303,6.5,25.0,1105.0,100.0,1,0,0,0,0,1,0,1,0,0.0,0.0,0.0,0.0,0.0,0.0,0.0,0.0,1.0,0.0,1.0,1.0,0.0,1.0,0.0,0.0,0.0,0.0,0.0
304,6.5,600.0,834.0,100.0,1,0,0,0,0,1,0,1,0,0.0,0.0,0.0,0.0,0.0,0.0,0.0,0.0,1.0,0.0,1.0,1.0,0.0,1.0,0.0,0.0,0.0,0.0,0.0
305,6.5,800.0,187.0,100.0,1,0,0,0,0,1,0,1,0,0.0,0.0,0.0,0.0,0.0,0.0,0.0,0.0,1.0,0.0,1.0,1.0,0.0,1.0,0.0,0.0,0.0,0.0,0.0
306,6.5,1000.0,58.0,100.0,1,0,0,0,0,1,0,1,0,0.0,0.0,0.0,0.0,0.0,0.0,0.0,0.0,1.0,0.0,1.0,1.0,0.0,1.0,0.0,0.0,0.0,0.0,0.0
307,7.9,25.0,1176.0,115.0,1,0,1,0,0,0,0,1,0,0.0,0.0,0.0,0.0,0.0,0.0,0.0,0.5,1.0,0.0,1.0,0.0,0.0,1.0,0.5,0.0,0.0,0.0,0.0
310,9.9,25.0,1112.0,115.0,1,0,1,0,0,0,0,1,0,0.0,0.0,0.0,0.0,0.0,0.0,0.0,0.25,1.0,0.0,1.0,0.0,1.0,1.0,1.0,0.0,0.0,0.0,0.0
311,9.9,25.0,1317.0,123.0,1,0,1,0,0,0,0,1,0,0.0,0.0,0.0,0.0,0.0,0.0,0.0,0.5,1.0,0.0,1.0,0.0,1.0,1.0,1.0,0.0,0.0,0.0,0.0
312,9.9,25.0,1373.0,130.0,1,0,1,0,0,0,0,1,0,0.0,0.0,0.0,0.0,0.0,0.0,0.0,0.75,1.0,0.0,1.0,0.0,1.0,1.0,1.0,0.0,0.0,0.0,0.0
313,9.9,25.0,1512.0,137.0,1,0,1,0,0,0,0,1,0,0.0,0.0,0.0,0.0,0.0,0.0,0.0,1.0,1.0,0.0,1.0,0.0,1.0,1.0,1.0,0.0,0.0,0.0,0.0
314,9.9,25.0,1015.0,107.0,1,0,1,0,0,0,0,1,0,0.0,0.0,0.0,0.0,0.0,0.0,0.0,0.0,1.0,0.0,1.0,0.0,1.0,1.0,1.0,0.0,0.0,0.0,0.0
315,9.9,25.0,1512.0,137.0,1,0,1,0,0,0,0,1,0,0.0,0.0,0.0,0.0,0.0,0.0,0.0,1.0,1.0,0.0,1.0,0.0,1.0,1.0,1.0,0.0,0.0,0.0,0.0
316,9.9,800.0,1007.0,137.0,1,0,1,0,0,0,0,1,0,0.0,0.0,0.0,0.0,0.0,0.0,0.0,1.0,1.0,0.0,1.0,0.0,1.0,1.0,1.0,0.0,0.0,0.0,0.0
317,9.9,1000.0,814.0,137.0,1,0,1,0,0,0,0,1,0,0.0,0.0,0.0,0.0,0.0,0.0,0.0,1.0,1.0,0.0,1.0,0.0,1.0,1.0,1.0,0.0,0.0,0.0,0.0
318,9.9,1200.0,556.0,137.0,1,0,1,0,0,0,0,1,0,0.0,0.0,0.0,0.0,0.0,0.0,0.0,1.0,1.0,0.0,1.0,0.0,1.0,1.0,1.0,0.0,0.0,0.0,0.0
319,10.2,25.0,1600.0,143.0,1,0,1,0,0,0,0,1,0,0.0,0.0,0.0,0.0,0.0,0.0,0.0,1.0,0.0,0.0,1.0,0.0,1.0,1.0,1.0,0.0,0.0,0.0,0.0
320,10.2,800.0,1045.0,143.0,1,0,1,0,0,0,0,1,0,0.0,0.0,0.0,0.0,0.0,0.0,0.0,1.0,0.0,0.0,1.0,0.0,1.0,1.0,1.0,0.0,0.0,0.0,0.0
321,10.2,1000.0,855.0,143.0,1,0,1,0,0,0,0,1,0,0.0,0.0,0.0,0.0,0.0,0.0,0.0,1.0,0.0,0.0,1.0,0.0,1.0,1.0,1.0,0.0,0.0,0.0,0.0
322,10.2,1200.0,404.0,143.0,1,0,1,0,0,0,0,1,0,0.0,0.0,0.0,0.0,0.0,0.0,0.0,1.0,0.0,0.0,1.0,0.0,1.0,1.0,1.0,0.0,0.0,0.0,0.0
323,8.7,25.0,1575.0,128.0,1,0,0,0,1,0,0,1,0,0.0,0.0,0.0,0.0,0.0,0.0,0.0,1.0,1.0,0.0,1.0,0.0,0.0,1.0,1.0,0.0,0.0,0.0,0.0
324,8.7,800.0,825.0,128.0,1,0,0,0,1,0,0,1,0,0.0,0.0,0.0,0.0,0.0,0.0,0.0,1.0,1.0,0.0,1.0,0.0,0.0,1.0,1.0,0.0,0.0,0.0,0.0
325,8.7,1000.0,635.0,128.0,1,0,0,0,1,0,0,1,0,0.0,0.0,0.0,0.0,0.0,0.0,0.0,1.0,1.0,0.0,1.0,0.0,0.0,1.0,1.0,0.0,0.0,0.0,0.0
326,8.7,1200.0,187.0,128.0,1,0,0,0,1,0,0,1,0,0.0,0.0,0.0,0.0,0.0,0.0,0.0,1.0,1.0,0.0,1.0,0.0,0.0,1.0,1.0,0.0,0.0,0.0,0.0
327,8.7,25.0,1719.0,128.0,1,0,1,0,0,0,0,1,0,0.0,0.0,0.0,0.0,0.0,0.0,0.0,1.0,1.0,0.0,1.0,0.0,0.0,1.0,1.0,0.0,0.0,0.0,0.0
331,8.2,25.0,903.0,103.0,0,1,1,0,0,0,0,1,0,0.0,0.0,0.0,0.0,0.0,0.0,0.0,0.0,0.333,0.0,1.0,0.0,0.333,0.667,0.333,0.0,0.0,0.0,0.0
332,9.9,25.0,929.0,107.0,1,0,0,0,0,1,0,1,0,0.0,0.0,0.0,0.0,0.0,0.0,0.0,0.0,1.0,0.0,1.0,0.0,1.0,1.0,1.0,0.0,0.0,0.0,0.0
333,9.9,400.0,790.0,107.0,1,0,0,0,0,1,0,1,0,0.0,0.0,0.0,0.0,0.0,0.0,0.0,0.0,1.0,0.0,1.0,0.0,1.0,1.0,1.0,0.0,0.0,0.0,0.0
334,9.9,600.0,675.0,107.0,1,0,0,0,0,1,0,1,0,0.0,0.0,0.0,0.0,0.0,0.0,0.0,0.0,1.0,0.0,1.0,0.0,1.0,1.0,1.0,0.0,0.0,0.0,0.0
335,9.9,800.0,535.0,107.0,1,0,0,0,0,1,0,1,0,0.0,0.0,0.0,0.0,0.0,0.0,0.0,0.0,1.0,0.0,1.0,0.0,1.0,1.0,1.0,0.0,0.0,0.0,0.0
336,9.9,1000.0,295.0,107.0,1,0,0,0,0,1,0,1,0,0.0,0.0,0.0,0.0,0.0,0.0,0.0,0.0,1.0,0.0,1.0,0.0,1.0,1.0,1.0,0.0,0.0,0.0,0.0
337,9.9,1200.0,92.0,107.0,1,0,0,0,0,1,0,1,0,0.0,0.0,0.0,0.0,0.0,0.0,0.0,0.0,1.0,0.0,1.0,0.0,1.0,1.0,1.0,0.0,0.0,0.0,0.0
338,8.4,25.0,879.0,89.0,0,1,1,0,0,0,0,1,0,0.0,0.0,0.0,0.0,0.0,0.0,0.0,0.0,1.0,0.0,1.0,0.0,0.0,1.0,1.0,0.0,0.0,0.0,0.0
339,10.7,25.0,1525.0,186.0,1,0,0,0,1,0,0,1,0,0.0,0.0,0.0,0.0,0.0,0.0,0.0,1.0,1.0,0.0,0.0,1.0,1.0,0.0,0.0,0.0,0.0,0.0,0.0
340,12.4,25.0,1246.0,229.0,1,0,1,0,0,0,0,1,0,0.0,0.0,0.0,0.0,0.0,0.0,0.0,1.0,1.0,0.0,0.0,1.0,1.0,0.0,0.0,1.0,0.0,0.0,0.0
341,12.4,600.0,862.0,229.0,1,0,1,0,0,0,0,1,0,0.0,0.0,0.0,0.0,0.0,0.0,0.0,1.0,1.0,0.0,0.0,1.0,1.0,0.0,0.0,1.0,0.0,0.0,0.0
342,12.4,800.0,846.0,229.0,1,0,1,0,0,0,0,1,0,0.0,0.0,0.0,0.0,0.0,0.0,0.0,1.0,1.0,0.0,0.0,1.0,1.0,0.0,0.0,1.0,0.0,0.0,0.0
343,12.4,1000.0,842.0,229.0,1,0,1,0,0,0,0,1,0,0.0,0.0,0.0,0.0,0.0,0.0,0.0,1.0,1.0,0.0,0.0,1.0,1.0,0.0,0.0,1.0,0.0,0.0,0.0
344,12.4,1200.0,735.0,229.0,1,0,1,0,0,0,0,1,0,0.0,0.0,0.0,0.0,0.0,0.0,0.0,1.0,1.0,0.0,0.0,1.0,1.0,0.0,0.0,1.0,0.0,0.0,0.0
345,12.4,1400.0,656.0,229.0,1,0,1,0,0,0,0,1,0,0.0,0.0,0.0,0.0,0.0,0.0,0.0,1.0,1.0,0.0,0.0,1.0,1.0,0.0,0.0,1.0,0.0,0.0,0.0
346,12.4,1600.0,477.0,229.0,1,0,1,0,0,0,0,1,0,0.0,0.0,0.0,0.0,0.0,0.0,0.0,1.0,1.0,0.0,0.0,1.0,1.0,0.0,0.0,1.0,0.0,0.0,0.0
347,13.7,25.0,1058.0,250.0,1,0,1,0,0,0,0,1,0,0.0,0.0,0.0,0.0,0.0,0.0,0.0,1.0,1.0,0.0,0.0,0.0,1.0,0.0,0.0,1.0,0.0,0.0,0.0
348,13.7,600.0,561.0,250.0,1,0,1,0,0,0,0,1,0,0.0,0.0,0.0,0.0,0.0,0.0,0.0,1.0,1.0,0.0,0.0,0.0,1.0,0.0,0.0,1.0,0.0,0.0,0.0
349,13.7,800.0,552.0,250.0,1,0,1,0,0,0,0,1,0,0.0,0.0,0.0,0.0,0.0,0.0,0.0,1.0,1.0,0.0,0.0,0.0,1.0,0.0,0.0,1.0,0.0,0.0,0.0
350,13.7,1000.0,548.0,250.0,1,0,1,0,0,0,0,1,0,0.0,0.0,0.0,0.0,0.0,0.0,0.0,1.0,1.0,0.0,0.0,0.0,1.0,0.0,0.0,1.0,0.0,0.0,0.0
351,13.7,1200.0,506.0,250.0,1,0,1,0,0,0,0,1,0,0.0,0.0,0.0,0.0,0.0,0.0,0.0,1.0,1.0,0.0,0.0,0.0,1.0,0.0,0.0,1.0,0.0,0.0,0.0
352,13.7,1400.0,421.0,250.0,1,0,1,0,0,0,0,1,0,0.0,0.0,0.0,0.0,0.0,0.0,0.0,1.0,1.0,0.0,0.0,0.0,1.0,0.0,0.0,1.0,0.0,0.0,0.0
353,13.7,1600.0,405.0,250.0,1,0,1,0,0,0,0,1,0,0.0,0.0,0.0,0.0,0.0,0.0,0.0,1.0,1.0,0.0,0.0,0.0,1.0,0.0,0.0,1.0,0.0,0.0,0.0
354,6.7,25.0,1289.0,114.0,1,0,0,0,1,0,0,1,0,0.0,0.0,0.0,0.0,0.0,0.0,0.0,0.3,1.0,0.0,1.0,1.0,0.0,1.0,0.0,0.0,0.0,0.0,0.0
355,6.8,25.0,1473.0,122.0,1,0,0,0,1,0,0,1,0,0.0,0.0,0.0,0.0,0.0,0.0,0.0,0.5,1.0,0.0,1.0,1.0,0.0,1.0,0.0,0.0,0.0,0.0,0.0
356,6.9,25.0,1706.0,130.0,1,0,0,0,1,0,0,1,0,0.0,0.0,0.0,0.0,0.0,0.0,0.0,0.7,1.0,0.0,1.0,1.0,0.0,1.0,0.0,0.0,0.0,0.0,0.0
357,7.3,25.0,1496.0,150.0,1,0,0,0,1,0,0,1,0,0.0,0.0,0.0,0.0,0.0,0.0,0.0,1.0,0.769,0.0,0.769,0.769,0.0,0.769,0.0,0.0,0.0,0.0,0.0
358,7.4,25.0,1603.0,156.0,1,0,0,0,1,0,0,1,0,0.0,0.0,0.0,0.0,0.0,0.0,0.0,1.0,0.667,0.0,0.667,0.667,0.0,0.667,0.0,0.0,0.0,0.0,0.0
359,7.5,25.0,1645.0,161.0,1,0,0,0,1,0,0,1,0,0.0,0.0,0.0,0.0,0.0,0.0,0.0,1.0,0.588,0.0,0.588,0.588,0.0,0.588,0.0,0.0,0.0,0.0,0.0
360,7.6,25.0,1765.0,169.0,1,0,0,0,1,0,0,1,0,0.0,0.0,0.0,0.0,0.0,0.0,0.0,1.0,0.5,0.0,0.5,0.5,0.0,0.5,0.0,0.0,0.0,0.0,0.0
361,7.1,25.0,1779.0,141.0,1,0,0,0,1,0,0,1,0,0.0,0.0,0.0,0.0,0.0,0.0,0.0,1.0,1.0,0.0,1.0,1.0,0.0,1.0,0.0,0.0,0.0,0.0,0.0
362,7.2,25.0,1455.0,142.0,1,0,0,0,1,0,0,1,0,0.0,0.0,0.0,0.0,0.0,0.0,0.0,1.0,1.0,0.0,1.0,0.3,0.0,1.0,0.0,0.0,0.0,0.0,0.0
363,6.6,25.0,932.0,102.0,1,0,0,0,1,0,0,1,0,0.0,0.0,0.0,0.0,0.0,0.0,0.0,0.1,1.0,0.0,1.0,0.3,0.0,1.0,0.0,0.0,0.0,0.0,0.0
364,6.8,25.0,1312.0,112.0,1,0,0,0,1,0,0,1,0,0.0,0.0,0.0,0.0,0.0,0.0,0.0,0.3,1.0,0.0,1.0,0.3,0.0,1.0,0.0,0.0,0.0,0.0,0.0
365,6.9,25.0,1301.0,122.0,1,0,0,0,1,0,0,1,0,0.0,0.0,0.0,0.0,0.0,0.0,0.0,0.5,1.0,0.0,1.0,0.3,0.0,1.0,0.0,0.0,0.0,0.0,0.0
366,7.1,25.0,1436.0,130.0,1,0,0,0,1,0,0,1,0,0.0,0.0,0.0,0.0,0.0,0.0,0.0,0.7,1.0,0.0,1.0,0.3,0.0,1.0,0.0,0.0,0.0,0.0,0.0
367,7.4,25.0,1603.0,153.0,1,0,0,0,1,0,0,1,0,0.0,0.0,0.0,0.0,0.0,0.0,0.0,1.0,0.769,0.0,0.769,0.231,0.0,0.769,0.0,0.0,0.0,0.0,0.0
368,7.5,25.0,1576.0,159.0,1,0,0,0,1,0,0,1,0,0.0,0.0,0.0,0.0,0.0,0.0,0.0,1.0,0.667,0.0,0.667,0.2,0.0,0.667,0.0,0.0,0.0,0.0,0.0
369,6.5,25.0,866.0,96.0,1,0,0,0,1,0,0,1,0,0.0,0.0,0.0,0.0,0.0,0.0,0.0,0.0,1.0,0.0,1.0,0.3,0.0,1.0,0.0,0.0,0.0,0.0,0.0
370,6.5,25.0,1104.0,100.0,1,0,0,0,1,0,0,1,0,0.0,0.0,0.0,0.0,0.0,0.0,0.0,0.0,1.0,0.0,1.0,1.0,0.0,1.0,0.0,0.0,0.0,0.0,0.0
371,7.3,25.0,1776.0,142.0,1,0,1,0,0,0,0,1,0,0.0,0.0,0.0,0.0,0.0,0.0,0.0,1.0,1.0,0.0,1.0,0.25,0.0,1.0,0.0,0.0,0.0,0.0,0.0
372,7.2,25.0,1647.0,142.0,1,0,1,0,0,0,0,1,0,0.0,0.0,0.0,0.0,0.0,0.0,0.0,1.0,1.0,0.0,1.0,0.5,0.0,1.0,0.0,0.0,0.0,0.0,0.0
373,7.2,25.0,1708.0,141.0,1,0,1,0,0,0,0,1,0,0.0,0.0,0.0,0.0,0.0,0.0,0.0,1.0,1.0,0.0,1.0,0.75,0.0,1.0,0.0,0.0,0.0,0.0,0.0
374,7.1,25.0,1786.0,141.0,1,0,1,0,0,0,0,1,0,0.0,0.0,0.0,0.0,0.0,0.0,0.0,1.0,1.0,0.0,1.0,1.0,0.0,1.0,0.0,0.0,0.0,0.0,0.0
375,7.1,25.0,1735.0,140.0,1,0,1,0,0,0,0,1,0,0.0,0.0,0.0,0.0,0.0,0.0,0.0,0.667,0.667,0.0,0.667,1.0,0.0,0.667,0.0,0.0,0.0,0.0,0.0
376,7.0,25.0,1538.0,139.0,1,0,1,0,0,0,0,1,0,0.0,0.0,0.0,0.0,0.0,0.0,0.0,0.5,0.5,0.0,0.5,1.0,0.0,0.5,0.0,0.0,0.0,0.0,0.0
377,6.9,25.0,1418.0,138.0,1,0,1,0,0,0,0,1,0,0.0,0.0,0.0,0.0,0.0,0.0,0.0,0.333,0.333,0.0,0.333,1.0,0.0,0.333,0.0,0.0,0.0,0.0,0.0
378,7.3,25.0,1592.0,143.0,1,0,1,0,0,0,0,1,0,0.0,0.0,0.0,0.0,0.0,0.0,0.0,1.0,1.0,0.0,1.0,0.0,0.0,1.0,0.0,0.0,0.0,0.0,0.0
391,7.1,25.0,1465.0,174.0,1,0,1,0,0,0,0,1,0,0.25,1.0,1.0,1.0,0.0,1.0,1.0,0.0,0.0,1.0,1.0,1.0,0.0,0.0,0.0,0.0,0.0,0.0,0.0
394,8.3,25.0,215.0,167.0,1,0,1,0,0,0,0,0,1,0.0,0.0,0.0,1.0,0.0,0.0,1.0,0.0,0.0,1.0,0.0,0.0,0.0,0.0,0.0,0.0,0.333,0.0,0.0
395,8.3,25.0,140.0,169.0,1,0,1,0,0,0,0,0,1,0.0,0.0,0.0,1.0,0.0,0.0,1.0,0.0,0.0,1.0,0.0,0.0,0.0,0.0,0.0,0.0,0.25,0.0,0.0
398,8.3,25.0,330.0,173.0,1,0,1,0,0,0,0,0,1,0.053,0.0,0.0,1.0,0.0,0.0,1.0,0.0,0.0,1.0,0.0,0.0,0.0,0.0,0.0,0.0,0.0,0.0,0.0
400,7.6,1000.0,150.0,189.0,1,0,1,0,0,0,0,0,1,0.5,1.0,1.0,1.0,0.0,1.0,0.0,0.0,0.0,1.0,0.0,0.0,0.0,0.0,0.0,0.0,0.0,0.0,0.0
401,7.6,25.0,388.0,189.0,1,0,1,0,0,0,0,0,1,0.5,1.0,1.0,1.0,0.0,1.0,0.0,0.0,0.0,1.0,0.0,0.0,0.0,0.0,0.0,0.0,0.0,0.0,0.0
402,7.6,300.0,411.0,189.0,1,0,1,0,0,0,0,0,1,0.5,1.0,1.0,1.0,0.0,1.0,0.0,0.0,0.0,1.0,0.0,0.0,0.0,0.0,0.0,0.0,0.0,0.0,0.0
403,7.6,500.0,421.0,189.0,1,0,1,0,0,0,0,0,1,0.5,1.0,1.0,1.0,0.0,1.0,0.0,0.0,0.0,1.0,0.0,0.0,0.0,0.0,0.0,0.0,0.0,0.0,0.0
404,7.6,700.0,426.0,189.0,1,0,1,0,0,0,0,0,1,0.5,1.0,1.0,1.0,0.0,1.0,0.0,0.0,0.0,1.0,0.0,0.0,0.0,0.0,0.0,0.0,0.0,0.0,0.0
405,7.6,900.0,230.0,189.0,1,0,1,0,0,0,0,0,1,0.5,1.0,1.0,1.0,0.0,1.0,0.0,0.0,0.0,1.0,0.0,0.0,0.0,0.0,0.0,0.0,0.0,0.0,0.0
406,7.6,1100.0,80.0,189.0,1,0,1,0,0,0,0,0,1,0.5,1.0,1.0,1.0,0.0,1.0,0.0,0.0,0.0,1.0,0.0,0.0,0.0,0.0,0.0,0.0,0.0,0.0,0.0
407,6.3,1000.0,116.0,156.0,1,0,1,0,0,0,0,1,0,1.0,0.5,0.5,0.5,0.0,0.5,0.0,0.0,0.0,0.5,0.0,0.0,0.0,0.0,0.0,0.0,0.0,0.0,0.0
408,6.3,1100.0,79.0,156.0,1,0,1,0,0,0,0,1,0,1.0,0.5,0.5,0.5,0.0,0.5,0.0,0.0,0.0,0.5,0.0,0.0,0.0,0.0,0.0,0.0,0.0,0.0,0.0
409,6.3,25.0,1620.0,156.0,1,0,1,0,0,0,0,1,0,1.0,0.5,0.5,0.5,0.0,0.5,0.0,0.0,0.0,0.5,0.0,0.0,0.0,0.0,0.0,0.0,0.0,0.0,0.0
410,6.3,600.0,805.0,156.0,1,0,1,0,0,0,0,1,0,1.0,0.5,0.5,0.5,0.0,0.5,0.0,0.0,0.0,0.5,0.0,0.0,0.0,0.0,0.0,0.0,0.0,0.0,0.0
411,6.3,500.0,1120.0,156.0,1,0,1,0,0,0,0,1,0,1.0,0.5,0.5,0.5,0.0,0.5,0.0,0.0,0.0,0.5,0.0,0.0,0.0,0.0,0.0,0.0,0.0,0.0,0.0
412,6.3,700.0,567.0,156.0,1,0,1,0,0,0,0,1,0,1.0,0.5,0.5,0.5,0.0,0.5,0.0,0.0,0.0,0.5,0.0,0.0,0.0,0.0,0.0,0.0,0.0,0.0,0.0
413,6.3,900.0,214.0,156.0,1,0,1,0,0,0,0,1,0,1.0,0.5,0.5,0.5,0.0,0.5,0.0,0.0,0.0,0.5,0.0,0.0,0.0,0.0,0.0,0.0,0.0,0.0,0.0
414,6.3,800.0,302.0,156.0,1,0,1,0,0,0,0,1,0,1.0,0.5,0.5,0.5,0.0,0.5,0.0,0.0,0.0,0.5,0.0,0.0,0.0,0.0,0.0,0.0,0.0,0.0,0.0
422,6.6,400.0,1080.0,170.0,1,0,1,0,0,0,0,1,0,1.0,0.0,0.0,0.0,0.0,1.0,0.0,1.0,1.0,0.0,1.0,0.0,0.0,0.0,0.0,0.0,0.0,0.0,0.0
423,6.6,600.0,1060.0,170.0,1,0,1,0,0,0,0,1,0,1.0,0.0,0.0,0.0,0.0,1.0,0.0,1.0,1.0,0.0,1.0,0.0,0.0,0.0,0.0,0.0,0.0,0.0,0.0
424,6.6,800.0,860.0,170.0,1,0,1,0,0,0,0,1,0,1.0,0.0,0.0,0.0,0.0,1.0,0.0,1.0,1.0,0.0,1.0,0.0,0.0,0.0,0.0,0.0,0.0,0.0,0.0
425,6.6,1000.0,594.0,170.0,1,0,1,0,0,0,0,1,0,1.0,0.0,0.0,0.0,0.0,1.0,0.0,1.0,1.0,0.0,1.0,0.0,0.0,0.0,0.0,0.0,0.0,0.0,0.0
426,6.6,1200.0,105.0,170.0,1,0,1,0,0,0,0,1,0,1.0,0.0,0.0,0.0,0.0,1.0,0.0,1.0,1.0,0.0,1.0,0.0,0.0,0.0,0.0,0.0,0.0,0.0,0.0
427,6.6,600.0,930.0,170.0,1,0,0,0,1,0,0,1,0,1.0,0.0,0.0,0.0,0.0,1.0,0.0,1.0,1.0,0.0,1.0,0.0,0.0,0.0,0.0,0.0,0.0,0.0,0.0
428,6.6,800.0,875.0,170.0,1,0,0,0,1,0,0,1,0,1.0,0.0,0.0,0.0,0.0,1.0,0.0,1.0,1.0,0.0,1.0,0.0,0.0,0.0,0.0,0.0,0.0,0.0,0.0
429,6.6,1000.0,550.0,170.0,1,0,0,0,1,0,0,1,0,1.0,0.0,0.0,0.0,0.0,1.0,0.0,1.0,1.0,0.0,1.0,0.0,0.0,0.0,0.0,0.0,0.0,0.0,0.0
430,6.6,1200.0,150.0,170.0,1,0,0,0,1,0,0,1,0,1.0,0.0,0.0,0.0,0.0,1.0,0.0,1.0,1.0,0.0,1.0,0.0,0.0,0.0,0.0,0.0,0.0,0.0,0.0
431,6.0,400.0,1070.0,189.0,1,0,0,0,1,0,0,1,0,1.0,0.0,0.0,0.0,0.0,1.0,0.0,1.0,0.0,0.0,1.0,0.0,0.0,0.0,0.0,0.0,0.0,0.0,0.0
432,6.0,600.0,1020.0,189.0,1,0,0,0,1,0,0,1,0,1.0,0.0,0.0,0.0,0.0,1.0,0.0,1.0,0.0,0.0,1.0,0.0,0.0,0.0,0.0,0.0,0.0,0.0,0.0
433,6.0,800.0,875.0,189.0,1,0,0,0,1,0,0,1,0,1.0,0.0,0.0,0.0,0.0,1.0,0.0,1.0,0.0,0.0,1.0,0.0,0.0,0.0,0.0,0.0,0.0,0.0,0.0
434,6.0,1000.0,375.0,189.0,1,0,0,0,1,0,0,1,0,1.0,0.0,0.0,0.0,0.0,1.0,0.0,1.0,0.0,0.0,1.0,0.0,0.0,0.0,0.0,0.0,0.0,0.0,0.0
435,6.0,1200.0,100.0,189.0,1,0,0,0,1,0,0,1,0,1.0,0.0,0.0,0.0,0.0,1.0,0.0,1.0,0.0,0.0,1.0,0.0,0.0,0.0,0.0,0.0,0.0,0.0,0.0
436,6.5,600.0,520.0,151.0,1,0,0,0,1,0,0,1,0,1.0,0.0,0.0,0.0,0.0,0.0,0.0,1.0,1.0,0.0,1.0,0.0,0.0,0.0,0.0,0.0,0.0,0.0,0.0
437,6.5,800.0,500.0,151.0,1,0,0,0,1,0,0,1,0,1.0,0.0,0.0,0.0,0.0,0.0,0.0,1.0,1.0,0.0,1.0,0.0,0.0,0.0,0.0,0.0,0.0,0.0,0.0
438,6.5,1000.0,540.0,151.0,1,0,0,0,1,0,0,1,0,1.0,0.0,0.0,0.0,0.0,0.0,0.0,1.0,1.0,0.0,1.0,0.0,0.0,0.0,0.0,0.0,0.0,0.0,0.0
439,6.5,1200.0,200.0,151.0,1,0,0,0,1,0,0,1,0,1.0,0.0,0.0,0.0,0.0,0.0,0.0,1.0,1.0,0.0,1.0,0.0,0.0,0.0,0.0,0.0,0.0,0.0,0.0
469,8.1,25.0,1253.0,95.0,1,0,0,0,1,0,0,1,0,0.0,0.0,0.0,0.0,0.0,0.0,0.0,0.0,1.0,0.0,1.0,1.0,0.0,1.0,1.0,0.0,0.0,0.0,0.0
470,8.1,25.0,1140.0,95.0,1,0,0,0,1,0,0,1,0,0.0,0.0,0.0,0.0,0.0,0.0,0.0,0.0,1.0,0.0,1.0,1.0,0.0,1.0,1.0,0.0,0.0,0.0,0.0
471,8.1,25.0,1120.0,95.0,1,0,0,0,1,0,0,1,0,0.0,0.0,0.0,0.0,0.0,0.0,0.0,0.0,1.0,0.0,1.0,1.0,0.0,1.0,1.0,0.0,0.0,0.0,0.0
479,10.4,60.0,795.0,122.0,1,0,1,0,0,0,0,1,0,0.0,0.0,0.0,0.0,0.0,0.0,0.0,0.0,1.0,0.0,0.578,0.0,1.0,0.416,0.26,0.0,0.0,0.0,0.0
480,10.4,100.0,765.0,122.0,1,0,1,0,0,0,0,1,0,0.0,0.0,0.0,0.0,0.0,0.0,0.0,0.0,1.0,0.0,0.578,0.0,1.0,0.416,0.26,0.0,0.0,0.0,0.0
481,10.4,200.0,650.0,122.0,1,0,1,0,0,0,0,1,0,0.0,0.0,0.0,0.0,0.0,0.0,0.0,0.0,1.0,0.0,0.578,0.0,1.0,0.416,0.26,0.0,0.0,0.0,0.0
482,10.4,300.0,590.0,122.0,1,0,1,0,0,0,0,1,0,0.0,0.0,0.0,0.0,0.0,0.0,0.0,0.0,1.0,0.0,0.578,0.0,1.0,0.416,0.26,0.0,0.0,0.0,0.0
483,10.4,25.0,845.0,122.0,1,0,1,0,0,0,0,1,0,0.0,0.0,0.0,0.0,0.0,0.0,0.0,0.0,1.0,0.0,0.578,0.0,1.0,0.416,0.26,0.0,0.0,0.0,0.0
490,8.4,-268.8,2250.0,100.0,1,0,0,1,0,0,0,1,0,0.0,0.0,0.0,0.0,0.0,0.0,0.0,0.0,0.667,0.0,1.0,0.0,0.333,0.833,0.5,0.0,0.0,0.0,0.0
491,8.4,-268.8,2210.0,100.0,1,0,0,1,0,0,0,1,0,0.0,0.0,0.0,0.0,0.0,0.0,0.0,0.0,0.667,0.0,1.0,0.0,0.333,0.833,0.5,0.0,0.0,0.0,0.0
492,8.4,-196.0,1880.0,100.0,1,0,0,1,0,0,0,1,0,0.0,0.0,0.0,0.0,0.0,0.0,0.0,0.0,0.667,0.0,1.0,0.0,0.333,0.833,0.5,0.0,0.0,0.0,0.0
493,8.4,-196.0,1750.0,100.0,1,0,0,1,0,0,0,1,0,0.0,0.0,0.0,0.0,0.0,0.0,0.0,0.0,0.667,0.0,1.0,0.0,0.333,0.833,0.5,0.0,0.0,0.0,0.0
494,8.4,-153.0,1640.0,100.0,1,0,0,1,0,0,0,1,0,0.0,0.0,0.0,0.0,0.0,0.0,0.0,0.0,0.667,0.0,1.0,0.0,0.333,0.833,0.5,0.0,0.0,0.0,0.0
495,8.4,-153.0,1550.0,100.0,1,0,0,1,0,0,0,1,0,0.0,0.0,0.0,0.0,0.0,0.0,0.0,0.0,0.667,0.0,1.0,0.0,0.333,0.833,0.5,0.0,0.0,0.0,0.0
496,8.4,-103.0,1380.0,100.0,1,0,0,1,0,0,0,1,0,0.0,0.0,0.0,0.0,0.0,0.0,0.0,0.0,0.667,0.0,1.0,0.0,0.333,0.833,0.5,0.0,0.0,0.0,0.0
497,8.4,-103.0,1370.0,100.0,1,0,0,1,0,0,0,1,0,0.0,0.0,0.0,0.0,0.0,0.0,0.0,0.0,0.667,0.0,1.0,0.0,0.333,0.833,0.5,0.0,0.0,0.0,0.0
498,8.4,-43.0,1200.0,100.0,1,0,0,1,0,0,0,1,0,0.0,0.0,0.0,0.0,0.0,0.0,0.0,0.0,0.667,0.0,1.0,0.0,0.333,0.833,0.5,0.0,0.0,0.0,0.0
499,8.4,-43.0,1180.0,100.0,1,0,0,1,0,0,0,1,0,0.0,0.0,0.0,0.0,0.0,0.0,0.0,0.0,0.667,0.0,1.0,0.0,0.333,0.833,0.5,0.0,0.0,0.0,0.0
500,8.4,72.0,1040.0,100.0,1,0,0,1,0,0,0,1,0,0.0,0.0,0.0,0.0,0.0,0.0,0.0,0.0,0.667,0.0,1.0,0.0,0.333,0.833,0.5,0.0,0.0,0.0,0.0
501,8.4,72.0,1020.0,100.0,1,0,0,1,0,0,0,1,0,0.0,0.0,0.0,0.0,0.0,0.0,0.0,0.0,0.667,0.0,1.0,0.0,0.333,0.833,0.5,0.0,0.0,0.0,0.0
502,8.4,25.0,1150.0,100.0,1,0,0,1,0,0,0,1,0,0.0,0.0,0.0,0.0,0.0,0.0,0.0,0.0,0.667,0.0,1.0,0.0,0.333,0.833,0.5,0.0,0.0,0.0,0.0
503,8.4,25.0,1100.0,100.0,1,0,0,1,0,0,0,1,0,0.0,0.0,0.0,0.0,0.0,0.0,0.0,0.0,0.667,0.0,1.0,0.0,0.333,0.833,0.5,0.0,0.0,0.0,0.0
504,8.4,-268.8,2390.0,100.0,1,0,0,1,0,0,0,1,0,0.0,0.0,0.0,0.0,0.0,0.0,0.0,0.0,0.667,0.0,1.0,0.0,0.333,0.833,0.5,0.0,0.0,0.0,0.0
505,8.4,-196.0,1920.0,100.0,1,0,0,1,0,0,0,1,0,0.0,0.0,0.0,0.0,0.0,0.0,0.0,0.0,0.667,0.0,1.0,0.0,0.333,0.833,0.5,0.0,0.0,0.0,0.0
506,8.4,-153.0,1370.0,100.0,1,0,0,1,0,0,0,1,0,0.0,0.0,0.0,0.0,0.0,0.0,0.0,0.0,0.667,0.0,1.0,0.0,0.333,0.833,0.5,0.0,0.0,0.0,0.0
507,8.4,-103.0,1250.0,100.0,1,0,0,1,0,0,0,1,0,0.0,0.0,0.0,0.0,0.0,0.0,0.0,0.0,0.667,0.0,1.0,0.0,0.333,0.833,0.5,0.0,0.0,0.0,0.0
508,8.4,-43.0,1020.0,100.0,1,0,0,1,0,0,0,1,0,0.0,0.0,0.0,0.0,0.0,0.0,0.0,0.0,0.667,0.0,1.0,0.0,0.333,0.833,0.5,0.0,0.0,0.0,0.0
509,8.4,72.0,640.0,100.0,1,0,0,1,0,0,0,1,0,0.0,0.0,0.0,0.0,0.0,0.0,0.0,0.0,0.667,0.0,1.0,0.0,0.333,0.833,0.5,0.0,0.0,0.0,0.0
510,8.4,25.0,890.0,100.0,1,0,0,1,0,0,0,1,0,0.0,0.0,0.0,0.0,0.0,0.0,0.0,0.0,0.667,0.0,1.0,0.0,0.333,0.833,0.5,0.0,0.0,0.0,0.0
520,9.0,1000.0,368.0,126.0,1,0,1,0,0,0,0,1,0,0.0,0.0,0.0,0.0,0.0,0.0,0.0,0.5,1.0,0.0,1.0,0.5,0.0,0.0,1.0,0.0,0.0,0.0,0.0
521,9.0,1200.0,60.0,126.0,1,0,1,0,0,0,0,1,0,0.0,0.0,0.0,0.0,0.0,0.0,0.0,0.5,1.0,0.0,1.0,0.5,0.0,0.0,1.0,0.0,0.0,0.0,0.0
522,9.0,25.0,1260.0,126.0,1,0,1,0,0,0,0,1,0,0.0,0.0,0.0,0.0,0.0,0.0,0.0,0.5,1.0,0.0,1.0,0.5,0.0,0.0,1.0,0.0,0.0,0.0,0.0
523,8.5,25.0,540.0,92.0,0,1,0,1,0,0,0,1,0,0.0,0.0,0.0,0.0,0.0,0.0,0.0,0.0,0.142,0.0,1.0,0.0,0.142,0.787,0.787,0.0,0.0,0.0,0.0
540,9.9,25.0,1900.0,107.0,0,1,0,0,0,1,0,1,0,0.0,0.0,0.0,0.0,0.0,0.0,0.0,0.0,1.0,0.0,1.0,0.0,1.0,1.0,1.0,0.0,0.0,0.0,0.0
543,9.9,25.0,830.0,107.0,0,1,0,1,0,0,0,1,0,0.0,0.0,0.0,0.0,0.0,0.0,0.0,0.0,1.0,0.0,1.0,0.0,1.0,1.0,1.0,0.0,0.0,0.0,0.0
544,9.9,25.0,1202.0,107.0,0,1,0,1,0,0,0,1,0,0.0,0.0,0.0,0.0,0.0,0.0,0.0,0.0,1.0,0.0,1.0,0.0,1.0,1.0,1.0,0.0,0.0,0.0,0.0
546,9.9,25.0,1145.0,107.0,0,1,0,1,0,0,0,1,0,0.0,0.0,0.0,0.0,0.0,0.0,0.0,0.0,1.0,0.0,1.0,0.0,1.0,1.0,1.0,0.0,0.0,0.0,0.0
547,9.9,25.0,958.0,107.0,0,1,0,1,0,0,0,1,0,0.0,0.0,0.0,0.0,0.0,0.0,0.0,0.0,1.0,0.0,1.0,0.0,1.0,1.0,1.0,0.0,0.0,0.0,0.0
548,9.9,25.0,944.0,107.0,0,1,0,1,0,0,0,1,0,0.0,0.0,0.0,0.0,0.0,0.0,0.0,0.0,1.0,0.0,1.0,0.0,1.0,1.0,1.0,0.0,0.0,0.0,0.0
549,9.9,25.0,940.0,107.0,0,1,0,1,0,0,0,1,0,0.0,0.0,0.0,0.0,0.0,0.0,0.0,0.0,1.0,0.0,1.0,0.0,1.0,1.0,1.0,0.0,0.0,0.0,0.0
550,9.9,25.0,940.0,107.0,0,1,0,1,0,0,0,1,0,0.0,0.0,0.0,0.0,0.0,0.0,0.0,0.0,1.0,0.0,1.0,0.0,1.0,1.0,1.0,0.0,0.0,0.0,0.0
551,9.9,25.0,905.0,107.0,1,0,1,0,0,0,0,1,0,0.0,0.0,0.0,0.0,0.0,0.0,0.0,0.0,1.0,0.0,1.0,0.0,1.0,1.0,1.0,0.0,0.0,0.0,0.0
552,9.9,25.0,890.0,107.0,1,0,1,0,0,0,0,1,0,0.0,0.0,0.0,0.0,0.0,0.0,0.0,0.0,1.0,0.0,1.0,0.0,1.0,1.0,1.0,0.0,0.0,0.0,0.0
553,9.9,25.0,828.0,107.0,0,1,1,0,0,0,0,1,0,0.0,0.0,0.0,0.0,0.0,0.0,0.0,0.0,1.0,0.0,1.0,0.0,1.0,1.0,1.0,0.0,0.0,0.0,0.0
554,9.9,25.0,827.0,107.0,0,1,1,0,0,0,0,1,0,0.0,0.0,0.0,0.0,0.0,0.0,0.0,0.0,1.0,0.0,1.0,0.0,1.0,1.0,1.0,0.0,0.0,0.0,0.0
555,9.9,25.0,820.0,107.0,0,1,1,0,0,0,0,1,0,0.0,0.0,0.0,0.0,0.0,0.0,0.0,0.0,1.0,0.0,1.0,0.0,1.0,1.0,1.0,0.0,0.0,0.0,0.0
556,9.9,25.0,803.0,107.0,0,1,1,0,0,0,0,1,0,0.0,0.0,0.0,0.0,0.0,0.0,0.0,0.0,1.0,0.0,1.0,0.0,1.0,1.0,1.0,0.0,0.0,0.0,0.0
557,9.3,25.0,1021.0,183.0,1,0,1,0,0,0,0,1,0,0.2,0.0,0.0,0.0,0.0,0.0,0.0,1.0,0.0,0.0,1.0,1.0,1.0,0.0,0.0,0.0,0.0,0.0,0.0
558,8.7,25.0,962.0,173.0,1,0,1,0,0,0,0,1,0,0.6,0.0,0.0,0.0,0.0,0.0,0.0,1.0,0.0,0.0,1.0,1.0,1.0,0.0,0.0,0.0,0.0,0.0,0.0
560,9.6,25.0,1221.0,189.0,1,0,1,0,0,0,0,1,0,0.0,0.0,0.0,0.0,0.0,0.0,0.0,1.0,0.0,0.0,1.0,1.0,1.0,0.0,0.0,0.0,0.0,0.0,0.0
565,11.1,25.0,1315.0,105.0,1,0,1,0,0,0,0,1,0,0.0,0.0,0.0,0.0,0.0,0.0,0.0,0.0,1.0,0.0,0.0,0.0,1.0,1.0,1.0,0.0,0.0,0.0,0.0
569,10.2,25.0,1500.0,107.0,0,1,1,0,0,0,0,1,0,0.0,0.0,0.0,0.0,0.0,0.0,0.0,0.0,0.0,0.0,1.0,0.0,1.0,1.0,1.0,0.0,0.0,0.0,0.0
570,13.1,25.0,1109.0,242.0,1,0,1,0,0,0,0,1,0,0.0,0.0,0.0,0.0,0.0,0.0,0.0,1.0,1.0,0.0,0.25,0.0,1.0,0.0,0.0,1.0,0.0,0.0,0.0
571,12.6,25.0,1211.0,234.0,1,0,1,0,0,0,0,1,0,0.0,0.0,0.0,0.0,0.0,0.0,0.0,1.0,1.0,0.0,0.5,0.0,1.0,0.0,0.0,1.0,0.0,0.0,0.0
572,12.2,25.0,1304.0,228.0,1,0,1,0,0,0,0,1,0,0.0,0.0,0.0,0.0,0.0,0.0,0.0,1.0,1.0,0.0,0.75,0.0,1.0,0.0,0.0,1.0,0.0,0.0,0.0
573,11.8,25.0,1455.0,222.0,1,0,1,0,0,0,0,1,0,0.0,0.0,0.0,0.0,0.0,0.0,0.0,1.0,1.0,0.0,1.0,0.0,1.0,0.0,0.0,1.0,0.0,0.0,0.0
574,13.7,25.0,996.0,250.0,1,0,1,0,0,0,0,1,0,0.0,0.0,0.0,0.0,0.0,0.0,0.0,1.0,1.0,0.0,0.0,0.0,1.0,0.0,0.0,1.0,0.0,0.0,0.0
575,9.4,25.0,1400.0,171.0,1,0,1,0,0,0,0,1,0,0.0,0.0,0.0,0.0,0.0,0.0,0.0,1.0,1.0,0.0,1.0,1.0,1.0,0.0,0.0,0.0,0.0,0.0,0.0
576,11.0,600.0,973.0,209.0,1,0,1,0,0,0,0,1,0,0.0,0.0,0.0,0.0,0.0,0.0,0.0,1.0,1.0,0.0,1.0,1.0,1.0,0.0,0.0,1.0,0.0,0.0,0.0
577,11.0,800.0,791.3,209.0,1,0,1,0,0,0,0,1,0,0.0,0.0,0.0,0.0,0.0,0.0,0.0,1.0,1.0,0.0,1.0,1.0,1.0,0.0,0.0,1.0,0.0,0.0,0.0
578,11.0,1000.0,752.8,209.0,1,0,1,0,0,0,0,1,0,0.0,0.0,0.0,0.0,0.0,0.0,0.0,1.0,1.0,0.0,1.0,1.0,1.0,0.0,0.0,1.0,0.0,0.0,0.0
579,11.0,1200.0,659.0,209.0,1,0,1,0,0,0,0,1,0,0.0,0.0,0.0,0.0,0.0,0.0,0.0,1.0,1.0,0.0,1.0,1.0,1.0,0.0,0.0,1.0,0.0,0.0,0.0
580,11.0,25.0,1515.0,209.0,1,0,1,0,0,0,0,1,0,0.0,0.0,0.0,0.0,0.0,0.0,0.0,1.0,1.0,0.0,1.0,1.0,1.0,0.0,0.0,1.0,0.0,0.0,0.0
581,11.8,600.0,689.0,222.0,1,0,1,0,0,0,0,1,0,0.0,0.0,0.0,0.0,0.0,0.0,0.0,1.0,1.0,0.0,1.0,0.0,1.0,0.0,0.0,1.0,0.0,0.0,0.0
582,11.8,800.0,674.0,222.0,1,0,1,0,0,0,0,1,0,0.0,0.0,0.0,0.0,0.0,0.0,0.0,1.0,1.0,0.0,1.0,0.0,1.0,0.0,0.0,1.0,0.0,0.0,0.0
583,11.8,1000.0,620.0,222.0,1,0,1,0,0,0,0,1,0,0.0,0.0,0.0,0.0,0.0,0.0,0.0,1.0,1.0,0.0,1.0,0.0,1.0,0.0,0.0,1.0,0.0,0.0,0.0
584,11.8,1200.0,586.0,222.0,1,0,1,0,0,0,0,1,0,0.0,0.0,0.0,0.0,0.0,0.0,0.0,1.0,1.0,0.0,1.0,0.0,1.0,0.0,0.0,1.0,0.0,0.0,0.0
585,11.8,25.0,1343.0,222.0,1,0,1,0,0,0,0,1,0,0.0,0.0,0.0,0.0,0.0,0.0,0.0,1.0,1.0,0.0,1.0,0.0,1.0,0.0,0.0,1.0,0.0,0.0,0.0
589,12.4,25.0,2612.0,229.0,1,0,0,0,0,0,1,1,0,0.0,0.0,0.0,0.0,0.0,0.0,0.0,1.0,1.0,0.0,0.0,1.0,1.0,0.0,0.0,1.0,0.0,0.0,0.0
590,9.2,25.0,965.0,134.0,1,0,1,0,0,0,0,1,0,0.0,0.0,0.0,0.0,0.0,0.0,0.0,0.0,1.0,0.0,1.0,1.0,1.0,0.0,0.0,0.0,0.0,0.0,0.0
591,11.1,25.0,1420.0,187.0,1,0,1,0,0,0,0,1,0,0.0,0.0,0.0,0.0,0.0,0.0,0.0,0.0,1.0,0.0,1.0,1.0,1.0,0.0,0.0,1.0,0.0,0.0,0.0
592,12.9,25.0,1530.0,206.0,1,0,1,0,0,0,0,1,0,0.0,0.0,0.0,0.0,0.0,0.0,0.0,0.0,1.0,0.0,0.0,1.0,1.0,0.0,0.0,1.0,0.0,0.0,0.0
597,5.8,25.0,1240.0,134.0,1,0,1,0,0,0,0,1,0,0.25,0.0,0.0,0.0,0.0,0.5,0.0,0.0,0.5,0.0,1.0,0.25,0.0,0.0,0.0,0.0,0.0,0.0,0.0
598,5.6,600.0,1005.0,119.0,1,0,0,0,1,0,0,1,0,1.0,0.0,0.0,0.0,0.0,0.5,0.0,0.0,1.0,0.0,1.0,1.0,0.0,0.0,0.0,0.0,0.0,0.0,0.0
599,5.6,800.0,640.0,119.0,1,0,0,0,1,0,0,1,0,1.0,0.0,0.0,0.0,0.0,0.5,0.0,0.0,1.0,0.0,1.0,1.0,0.0,0.0,0.0,0.0,0.0,0.0,0.0
600,5.6,1000.0,40.0,119.0,1,0,0,0,1,0,0,1,0,1.0,0.0,0.0,0.0,0.0,0.5,0.0,0.0,1.0,0.0,1.0,1.0,0.0,0.0,0.0,0.0,0.0,0.0,0.0
601,5.6,25.0,1300.0,119.0,1,0,0,0,1,0,0,1,0,1.0,0.0,0.0,0.0,0.0,0.5,0.0,0.0,1.0,0.0,1.0,1.0,0.0,0.0,0.0,0.0,0.0,0.0,0.0
610,5.5,600.0,780.0,104.0,1,0,0,0,1,0,0,1,0,1.0,0.0,0.0,0.0,0.0,0.0,0.0,0.0,1.0,0.0,1.0,1.0,0.0,0.0,0.0,0.0,0.0,0.0,0.0
611,5.5,800.0,560.0,104.0,1,0,0,0,1,0,0,1,0,1.0,0.0,0.0,0.0,0.0,0.0,0.0,0.0,1.0,0.0,1.0,1.0,0.0,0.0,0.0,0.0,0.0,0.0,0.0
612,5.5,1000.0,110.0,104.0,1,0,0,0,1,0,0,1,0,1.0,0.0,0.0,0.0,0.0,0.0,0.0,0.0,1.0,0.0,1.0,1.0,0.0,0.0,0.0,0.0,0.0,0.0,0.0
613,5.5,25.0,1000.0,104.0,1,0,0,0,1,0,0,1,0,1.0,0.0,0.0,0.0,0.0,0.0,0.0,0.0,1.0,0.0,1.0,1.0,0.0,0.0,0.0,0.0,0.0,0.0,0.0
630,8.0,25.0,370.0,220.0,0,1,0,1,0,0,0,0,1,0.0,1.0,1.0,1.0,0.0,1.0,1.0,0.0,0.0,0.0,0.0,0.0,0.0,0.0,0.0,0.0,0.0,0.0,0.0
645,7.6,25.0,159.0,210.0,0,1,0,1,0,0,0,0,1,0.304,1.0,1.0,1.0,0.0,1.0,0.0,0.0,0.0,0.0,0.0,0.0,0.0,0.0,0.0,0.0,0.0,0.0,0.0
648,7.6,25.0,263.0,210.0,0,1,0,1,0,0,0,0,1,0.304,1.0,1.0,1.0,0.0,1.0,0.0,0.0,0.0,0.0,0.0,0.0,0.0,0.0,0.0,0.0,0.0,0.0,0.0
678,8.6,25.0,350.0,234.0,0,1,1,0,0,0,0,0,1,0.0,1.0,0.571,0.571,0.0,0.429,0.0,0.286,0.0,0.0,0.0,0.0,0.0,0.0,0.0,0.0,0.0,0.0,0.0
684,8.6,25.0,350.0,234.0,0,1,0,1,0,0,0,0,1,0.0,1.0,0.571,0.571,0.0,0.429,0.0,0.286,0.0,0.0,0.0,0.0,0.0,0.0,0.0,0.0,0.0,0.0,0.0
685,8.2,25.0,155.0,226.0,0,1,1,0,0,0,0,0,1,0.0,1.0,1.0,1.0,0.0,1.0,0.0,0.0,0.0,0.0,0.0,0.0,0.0,0.0,0.0,0.0,0.0,0.0,0.0
692,8.0,25.0,243.0,220.0,0,1,0,1,0,0,0,0,1,0.0,1.0,1.0,1.0,0.0,1.0,1.0,0.0,0.0,0.0,0.0,0.0,0.0,0.0,0.0,0.0,0.0,0.0,0.0
694,8.0,25.0,249.0,220.0,0,1,0,1,0,0,0,0,1,0.0,1.0,1.0,1.0,0.0,1.0,1.0,0.0,0.0,0.0,0.0,0.0,0.0,0.0,0.0,0.0,0.0,0.0,0.0
696,8.2,25.0,190.0,226.0,0,1,0,0,1,0,0,0,1,0.0,1.0,1.0,1.0,0.0,1.0,0.0,0.0,0.0,0.0,0.0,0.0,0.0,0.0,0.0,0.0,0.0,0.0,0.0
697,7.8,25.0,210.0,214.0,0,1,0,0,1,0,0,0,1,0.167,1.0,1.0,1.0,0.0,1.0,0.0,0.0,0.0,0.0,0.083,0.0,0.0,0.0,0.0,0.0,0.0,0.0,0.0
724,8.0,25.0,230.0,220.0,1,0,0,0,1,0,0,0,1,0.0,1.0,1.0,1.0,0.0,1.0,1.0,0.0,0.0,0.0,0.0,0.0,0.0,0.0,0.0,0.0,0.0,0.0,0.0
734,8.0,25.0,719.0,209.0,0,1,0,1,0,0,0,0,1,0.108,0.514,0.514,1.0,0.0,0.514,0.0,0.0,0.0,0.108,0.0,0.0,0.0,0.0,0.0,0.0,0.0,0.0,0.0
740,7.6,25.0,1290.0,189.0,0,1,0,1,0,0,0,0,1,0.5,1.0,1.0,1.0,0.0,1.0,0.0,0.0,0.0,1.0,0.0,0.0,0.0,0.0,0.0,0.0,0.0,0.0,0.0
748,7.6,700.0,180.0,189.0,0,1,0,1,0,0,0,0,1,0.5,1.0,1.0,1.0,0.0,1.0,0.0,0.0,0.0,1.0,0.0,0.0,0.0,0.0,0.0,0.0,0.0,0.0,0.0
750,7.9,25.0,700.0,218.0,0,1,0,1,0,0,0,0,1,0.0,1.0,1.0,1.0,0.0,1.0,0.0,0.0,0.0,0.0,0.2,0.0,0.0,0.0,0.0,0.0,0.0,0.0,0.0
751,7.9,-196.0,860.0,218.0,0,1,0,1,0,0,0,0,1,0.0,1.0,1.0,1.0,0.0,1.0,0.0,0.0,0.0,0.0,0.2,0.0,0.0,0.0,0.0,0.0,0.0,0.0,0.0
752,8.0,25.0,1198.0,220.0,0,1,0,1,0,0,0,0,1,0.1,1.0,1.0,1.0,0.0,1.0,0.0,0.0,0.0,0.0,0.0,0.0,0.0,0.0,0.0,0.0,0.0,0.0,0.0
753,8.0,25.0,1403.0,220.0,0,1,0,1,0,0,0,0,1,0.1,1.0,1.0,1.0,0.0,1.0,0.0,0.0,0.0,0.0,0.0,0.0,0.0,0.0,0.0,0.0,0.0,0.0,0.0
754,8.0,25.0,711.0,220.0,0,1,0,1,0,0,0,0,1,0.1,1.0,1.0,1.0,0.0,1.0,0.0,0.0,0.0,0.0,0.0,0.0,0.0,0.0,0.0,0.0,0.0,0.0,0.0
755,8.0,25.0,356.0,220.0,0,1,0,1,0,0,0,0,1,0.1,1.0,1.0,1.0,0.0,1.0,0.0,0.0,0.0,0.0,0.0,0.0,0.0,0.0,0.0,0.0,0.0,0.0,0.0
756,8.0,25.0,1120.0,220.0,0,1,0,1,0,0,0,0,1,0.0,1.0,1.0,1.0,0.0,1.0,1.0,0.0,0.0,0.0,0.0,0.0,0.0,0.0,0.0,0.0,0.0,0.0,0.0
757,8.0,-196.0,1692.0,220.0,0,1,0,1,0,0,0,0,1,0.0,1.0,1.0,1.0,0.0,1.0,1.0,0.0,0.0,0.0,0.0,0.0,0.0,0.0,0.0,0.0,0.0,0.0,0.0
762,7.3,25.0,441.0,196.0,0,1,1,0,0,0,0,0,1,0.25,0.0,0.417,1.0,0.0,0.417,0.0,0.0,0.0,0.0,0.0,0.0,0.0,0.0,0.0,0.0,0.0,0.0,0.0
763,8.3,25.0,1100.0,231.0,0,1,0,1,0,0,0,0,1,0.0,1.0,0.0,1.0,0.0,1.0,0.0,0.0,0.0,0.0,0.0,0.0,0.0,0.0,0.0,0.0,0.0,0.0,0.0
764,8.3,25.0,597.0,231.0,0,1,0,1,0,0,0,0,1,0.0,1.0,0.0,1.0,0.0,1.0,0.0,0.0,0.0,0.0,0.0,0.0,0.0,0.0,0.0,0.0,0.0,0.0,0.0
765,8.3,25.0,346.0,231.0,0,1,0,1,0,0,0,0,1,0.0,1.0,0.0,1.0,0.0,1.0,0.0,0.0,0.0,0.0,0.0,0.0,0.0,0.0,0.0,0.0,0.0,0.0,0.0
769,8.0,25.0,210.0,220.0,1,0,1,0,0,0,0,0,1,0.0,1.0,1.0,1.0,0.0,1.0,1.0,0.0,0.0,0.0,0.0,0.0,0.0,0.0,0.0,0.0,0.0,0.0,0.0
770,8.0,25.0,1150.0,220.0,1,0,0,1,0,0,0,0,1,0.0,1.0,1.0,1.0,0.0,1.0,1.0,0.0,0.0,0.0,0.0,0.0,0.0,0.0,0.0,0.0,0.0,0.0,0.0
771,8.0,25.0,1300.0,220.0,1,0,0,1,0,0,0,0,1,0.0,1.0,1.0,1.0,0.0,1.0,1.0,0.0,0.0,0.0,0.0,0.0,0.0,0.0,0.0,0.0,0.0,0.0,0.0
772,9.2,25.0,1108.0,134.0,1,0,0,0,0,0,1,1,0,0.0,0.0,0.0,0.0,0.0,0.0,0.0,0.0,1.0,0.0,1.0,1.0,1.0,0.0,0.0,0.0,0.0,0.0,0.0
773,9.2,25.0,1308.0,134.0,1,0,0,0,0,0,1,1,0,0.0,0.0,0.0,0.0,0.0,0.0,0.0,0.0,1.0,0.0,1.0,1.0,1.0,0.0,0.0,0.0,0.0,0.0,0.0
774,9.2,25.0,1373.0,134.0,1,0,0,0,0,0,1,1,0,0.0,0.0,0.0,0.0,0.0,0.0,0.0,0.0,1.0,0.0,1.0,1.0,1.0,0.0,0.0,0.0,0.0,0.0,0.0
775,8.0,25.0,300.0,220.0,0,1,0,1,0,0,0,0,1,0.0,1.0,1.0,1.0,0.0,1.0,1.0,0.0,0.0,0.0,0.0,0.0,0.0,0.0,0.0,0.0,0.0,0.0,0.0
776,8.0,25.0,800.0,220.0,0,1,0,1,0,0,0,0,1,0.0,1.0,1.0,1.0,0.0,1.0,1.0,0.0,0.0,0.0,0.0,0.0,0.0,0.0,0.0,0.0,0.0,0.0,0.0
783,8.2,20.0,446.0,226.0,0,1,0,1,0,0,0,0,1,0.0,1.0,1.0,1.0,0.0,1.0,0.0,0.0,0.0,0.0,0.0,0.0,0.0,0.0,0.0,0.0,0.0,0.0,0.0
784,8.2,-73.0,488.0,226.0,0,1,0,1,0,0,0,0,1,0.0,1.0,1.0,1.0,0.0,1.0,0.0,0.0,0.0,0.0,0.0,0.0,0.0,0.0,0.0,0.0,0.0,0.0,0.0
785,8.2,-196.0,590.0,226.0,0,1,0,1,0,0,0,0,1,0.0,1.0,1.0,1.0,0.0,1.0,0.0,0.0,0.0,0.0,0.0,0.0,0.0,0.0,0.0,0.0,0.0,0.0,0.0
788,8.2,-268.8,680.0,226.0,0,1,0,1,0,0,0,0,1,0.0,1.0,1.0,1.0,0.0,1.0,0.0,0.0,0.0,0.0,0.0,0.0,0.0,0.0,0.0,0.0,0.0,0.0,0.0
794,8.0,25.0,216.0,220.0,1,0,1,0,0,0,0,0,1,0.0,1.0,1.0,1.0,0.0,1.0,1.0,0.0,0.0,0.0,0.0,0.0,0.0,0.0,0.0,0.0,0.0,0.0,0.0
795,8.1,25.0,225.0,221.0,1,0,1,0,0,0,0,0,1,0.0,1.0,1.0,1.0,0.0,1.0,1.0,0.042,0.0,0.0,0.0,0.0,0.0,0.0,0.0,0.0,0.0,0.0,0.0
805,8.0,25.0,378.7,220.0,0,1,0,1,0,0,0,0,1,0.0,1.0,1.0,1.0,0.0,1.0,1.0,0.0,0.0,0.0,0.0,0.0,0.0,0.0,0.0,0.0,0.0,0.0,0.0
810,8.6,25.0,1100.0,231.0,0,1,0,1,0,0,0,0,1,0.0,1.0,0.176,1.0,0.0,0.588,0.0,0.176,0.0,0.0,0.0,0.0,0.0,0.0,0.0,0.0,0.0,0.0,0.0
811,8.6,25.0,950.0,231.0,0,1,0,1,0,0,0,0,1,0.0,1.0,0.176,1.0,0.0,0.588,0.0,0.176,0.0,0.0,0.0,0.0,0.0,0.0,0.0,0.0,0.0,0.0,0.0
812,8.6,25.0,649.0,231.0,0,1,0,1,0,0,0,0,1,0.0,1.0,0.176,1.0,0.0,0.588,0.0,0.176,0.0,0.0,0.0,0.0,0.0,0.0,0.0,0.0,0.0,0.0,0.0
813,8.6,25.0,439.0,231.0,0,1,0,1,0,0,0,0,1,0.0,1.0,0.176,1.0,0.0,0.588,0.0,0.176,0.0,0.0,0.0,0.0,0.0,0.0,0.0,0.0,0.0,0.0,0.0
814,8.6,25.0,309.0,231.0,0,1,0,1,0,0,0,0,1,0.0,1.0,0.176,1.0,0.0,0.588,0.0,0.176,0.0,0.0,0.0,0.0,0.0,0.0,0.0,0.0,0.0,0.0,0.0
815,8.0,25.0,386.2,220.0,0,1,0,1,0,0,0,0,1,0.0,1.0,1.0,1.0,0.0,1.0,1.0,0.0,0.0,0.0,0.0,0.0,0.0,0.0,0.0,0.0,0.0,0.0,0.0
838,7.6,25.0,159.0,210.0,0,1,0,1,0,0,0,0,1,0.3,1.0,1.0,1.0,0.0,1.0,0.0,0.0,0.0,0.0,0.0,0.0,0.0,0.0,0.0,0.0,0.0,0.0,0.0
841,8.2,25.0,214.0,219.0,0,1,0,1,0,0,0,0,1,0.0,0.5,1.0,1.0,0.0,0.5,0.0,0.0,0.0,0.0,0.0,0.0,0.0,0.0,0.0,0.0,0.0,0.0,0.0
842,8.3,25.0,241.0,220.0,0,1,0,1,0,0,0,0,1,0.0,0.875,1.0,1.0,0.0,0.625,0.0,0.0,0.0,0.0,0.0,0.0,0.0,0.0,0.0,0.0,0.0,0.0,0.0
843,8.3,25.0,299.0,222.0,0,1,0,1,0,0,0,0,1,0.0,1.0,0.667,0.667,0.0,0.556,0.0,0.0,0.0,0.0,0.0,0.0,0.0,0.0,0.0,0.0,0.0,0.0,0.0
896,8.0,25.0,1290.0,220.0,0,1,0,1,0,0,0,1,0,0.0,0.986,0.933,1.0,0.0,0.952,0.914,0.0,0.0,0.0,0.0,0.0,0.0,0.0,0.0,0.0,0.0,0.0,0.0
900,8.0,25.0,270.0,220.0,0,1,0,1,0,0,0,0,1,0.0,0.986,0.933,1.0,0.0,0.952,0.914,0.0,0.0,0.0,0.0,0.0,0.0,0.0,0.0,0.0,0.0,0.0,0.0
902,9.1,23.0,1841.0,107.0,1,0,0,0,0,1,0,1,0,0.4,0.0,0.0,0.0,0.0,0.0,0.0,0.0,1.0,0.0,1.0,0.0,1.0,1.0,0.6,0.0,0.0,0.0,0.0
903,6.0,23.0,1100.0,189.0,1,0,0,0,1,0,0,1,0,1.0,0.0,0.0,0.0,0.0,1.0,0.0,1.0,0.0,0.0,1.0,0.0,0.0,0.0,0.0,0.0,0.0,0.0,0.0
904,6.5,23.0,1100.0,151.0,1,0,0,0,1,0,0,1,0,1.0,0.0,0.0,0.0,0.0,0.0,0.0,1.0,1.0,0.0,1.0,0.0,0.0,0.0,0.0,0.0,0.0,0.0,0.0
905,9.0,23.0,1260.0,126.0,1,0,1,0,0,0,0,1,0,0.0,0.0,0.0,0.0,0.0,0.0,0.0,0.5,1.0,0.0,1.0,0.5,0.0,0.0,1.0,0.0,0.0,0.0,0.0
906,9.9,23.0,1512.0,137.0,1,0,1,0,0,0,0,1,0,0.0,0.0,0.0,0.0,0.0,0.0,0.0,1.0,1.0,0.0,1.0,0.0,1.0,1.0,1.0,0.0,0.0,0.0,0.0
907,8.7,23.0,1575.0,128.0,1,0,1,0,0,0,0,1,0,0.0,0.0,0.0,0.0,0.0,0.0,0.0,1.0,1.0,0.0,1.0,0.0,0.0,1.0,1.0,0.0,0.0,0.0,0.0
908,10.2,23.0,1600.0,143.0,1,0,1,0,0,0,0,1,0,0.0,0.0,0.0,0.0,0.0,0.0,0.0,1.0,0.0,0.0,1.0,0.0,1.0,1.0,1.0,0.0,0.0,0.0,0.0
909,9.9,23.0,929.0,107.0,1,0,0,0,0,1,0,1,0,0.0,0.0,0.0,0.0,0.0,0.0,0.0,0.0,1.0,0.0,1.0,0.0,1.0,1.0,1.0,0.0,0.0,0.0,0.0
910,11.0,23.0,1515.0,209.0,1,0,1,0,0,0,0,1,0,0.0,0.0,0.0,0.0,0.0,0.0,0.0,1.0,1.0,0.0,1.0,1.0,1.0,0.0,0.0,1.0,0.0,0.0,0.0
911,11.8,23.0,1343.0,222.0,1,0,1,0,0,0,0,1,0,0.0,0.0,0.0,0.0,0.0,0.0,0.0,1.0,1.0,0.0,1.0,0.0,1.0,0.0,0.0,1.0,0.0,0.0,0.0
912,12.4,23.0,1246.0,229.0,1,0,0,0,0,1,0,1,0,0.0,0.0,0.0,0.0,0.0,0.0,0.0,1.0,1.0,0.0,0.0,1.0,1.0,0.0,0.0,1.0,0.0,0.0,0.0
913,13.7,23.0,996.0,250.0,1,0,0,0,0,1,0,1,0,0.0,0.0,0.0,0.0,0.0,0.0,0.0,1.0,1.0,0.0,0.0,0.0,1.0,0.0,0.0,1.0,0.0,0.0,0.0
914,7.7,23.0,1100.0,177.0,1,0,0,0,0,1,0,1,0,0.0,0.0,0.0,0.0,0.0,0.0,0.0,1.0,1.0,0.0,1.0,0.0,0.0,0.0,0.0,0.0,0.0,0.0,0.0
915,7.4,23.0,882.0,101.0,1,0,0,0,0,1,0,1,0,0.0,0.0,0.0,0.0,0.0,0.0,0.0,0.0,1.0,0.0,1.0,0.0,0.3,1.0,0.0,0.0,0.0,0.0,0.0
916,6.5,23.0,975.0,94.0,1,0,0,0,0,1,0,1,0,0.0,0.0,0.0,0.0,0.0,0.0,0.0,0.0,1.0,0.0,1.0,0.0,0.0,1.0,0.0,0.0,0.0,0.0,0.0
928,9.1,1000.0,298.0,107.0,1,0,0,0,0,1,0,1,0,0.4,0.0,0.0,0.0,0.0,0.0,0.0,0.0,1.0,0.0,1.0,0.0,1.0,1.0,0.6,0.0,0.0,0.0,0.0
929,6.0,1000.0,375.0,189.0,1,0,0,0,1,0,0,1,0,1.0,0.0,0.0,0.0,0.0,1.0,0.0,1.0,0.0,0.0,1.0,0.0,0.0,0.0,0.0,0.0,0.0,0.0,0.0
930,6.5,1000.0,540.0,151.0,1,0,0,0,1,0,0,1,0,1.0,0.0,0.0,0.0,0.0,0.0,0.0,1.0,1.0,0.0,1.0,0.0,0.0,0.0,0.0,0.0,0.0,0.0,0.0
931,9.0,1000.0,368.0,126.0,1,0,1,0,0,0,0,1,0,0.0,0.0,0.0,0.0,0.0,0.0,0.0,0.5,1.0,0.0,1.0,0.5,0.0,0.0,1.0,0.0,0.0,0.0,0.0
932,9.9,1000.0,814.0,137.0,1,0,1,0,0,0,0,1,0,0.0,0.0,0.0,0.0,0.0,0.0,0.0,1.0,1.0,0.0,1.0,0.0,1.0,1.0,1.0,0.0,0.0,0.0,0.0
933,8.7,1000.0,635.0,128.0,1,0,1,0,0,0,0,1,0,0.0,0.0,0.0,0.0,0.0,0.0,0.0,1.0,1.0,0.0,1.0,0.0,0.0,1.0,1.0,0.0,0.0,0.0,0.0
934,10.2,1000.0,855.0,143.0,1,0,1,0,0,0,0,1,0,0.0,0.0,0.0,0.0,0.0,0.0,0.0,1.0,0.0,0.0,1.0,0.0,1.0,1.0,1.0,0.0,0.0,0.0,0.0
935,9.9,1000.0,295.0,107.0,1,0,0,0,0,1,0,1,0,0.0,0.0,0.0,0.0,0.0,0.0,0.0,0.0,1.0,0.0,1.0,0.0,1.0,1.0,1.0,0.0,0.0,0.0,0.0
936,11.0,1000.0,753.0,209.0,1,0,1,0,0,0,0,1,0,0.0,0.0,0.0,0.0,0.0,0.0,0.0,1.0,1.0,0.0,1.0,1.0,1.0,0.0,0.0,1.0,0.0,0.0,0.0
937,11.8,1000.0,620.0,222.0,1,0,1,0,0,0,0,1,0,0.0,0.0,0.0,0.0,0.0,0.0,0.0,1.0,1.0,0.0,1.0,0.0,1.0,0.0,0.0,1.0,0.0,0.0,0.0
938,12.4,1000.0,842.0,229.0,1,0,0,0,0,1,0,1,0,0.0,0.0,0.0,0.0,0.0,0.0,0.0,1.0,1.0,0.0,0.0,1.0,1.0,0.0,0.0,1.0,0.0,0.0,0.0
939,13.7,1000.0,548.0,250.0,1,0,0,0,0,1,0,1,0,0.0,0.0,0.0,0.0,0.0,0.0,0.0,1.0,1.0,0.0,0.0,0.0,1.0,0.0,0.0,1.0,0.0,0.0,0.0
940,7.7,1000.0,504.0,177.0,1,0,0,0,0,1,0,1,0,0.0,0.0,0.0,0.0,0.0,0.0,0.0,1.0,1.0,0.0,1.0,0.0,0.0,0.0,0.0,0.0,0.0,0.0,0.0
941,7.4,1000.0,274.0,101.0,1,0,0,0,0,1,0,1,0,0.0,0.0,0.0,0.0,0.0,0.0,0.0,0.0,1.0,0.0,1.0,0.0,0.3,1.0,0.0,0.0,0.0,0.0,0.0
942,6.5,1000.0,141.0,94.0,1,0,0,0,0,1,0,1,0,0.0,0.0,0.0,0.0,0.0,0.0,0.0,0.0,1.0,0.0,1.0,0.0,0.0,1.0,0.0,0.0,0.0,0.0,0.0
954,9.1,1200.0,89.0,107.0,1,0,0,0,0,1,0,1,0,0.4,0.0,0.0,0.0,0.0,0.0,0.0,0.0,1.0,0.0,1.0,0.0,1.0,1.0,0.6,0.0,0.0,0.0,0.0
955,6.0,1200.0,100.0,189.0,1,0,0,0,1,0,0,1,0,1.0,0.0,0.0,0.0,0.0,1.0,0.0,1.0,0.0,0.0,1.0,0.0,0.0,0.0,0.0,0.0,0.0,0.0,0.0
956,6.5,1200.0,200.0,151.0,1,0,0,0,1,0,0,1,0,1.0,0.0,0.0,0.0,0.0,0.0,0.0,1.0,1.0,0.0,1.0,0.0,0.0,0.0,0.0,0.0,0.0,0.0,0.0
957,9.0,1200.0,60.0,126.0,1,0,1,0,0,0,0,1,0,0.0,0.0,0.0,0.0,0.0,0.0,0.0,0.5,1.0,0.0,1.0,0.5,0.0,0.0,1.0,0.0,0.0,0.0,0.0
958,9.9,1200.0,556.0,137.0,1,0,1,0,0,0,0,1,0,0.0,0.0,0.0,0.0,0.0,0.0,0.0,1.0,1.0,0.0,1.0,0.0,1.0,1.0,1.0,0.0,0.0,0.0,0.0
959,8.7,1200.0,187.0,128.0,1,0,1,0,0,0,0,1,0,0.0,0.0,0.0,0.0,0.0,0.0,0.0,1.0,1.0,0.0,1.0,0.0,0.0,1.0,1.0,0.0,0.0,0.0,0.0
960,10.2,1200.0,404.0,143.0,1,0,1,0,0,0,0,1,0,0.0,0.0,0.0,0.0,0.0,0.0,0.0,1.0,0.0,0.0,1.0,0.0,1.0,1.0,1.0,0.0,0.0,0.0,0.0
961,9.9,1200.0,92.0,107.0,1,0,0,0,0,1,0,1,0,0.0,0.0,0.0,0.0,0.0,0.0,0.0,0.0,1.0,0.0,1.0,0.0,1.0,1.0,1.0,0.0,0.0,0.0,0.0
962,11.0,1200.0,659.0,209.0,1,0,1,0,0,0,0,1,0,0.0,0.0,0.0,0.0,0.0,0.0,0.0,1.0,1.0,0.0,1.0,1.0,1.0,0.0,0.0,1.0,0.0,0.0,0.0
963,11.8,1200.0,586.0,222.0,1,0,1,0,0,0,0,1,0,0.0,0.0,0.0,0.0,0.0,0.0,0.0,1.0,1.0,0.0,1.0,0.0,1.0,0.0,0.0,1.0,0.0,0.0,0.0
964,12.4,1200.0,735.0,229.0,1,0,0,0,0,1,0,1,0,0.0,0.0,0.0,0.0,0.0,0.0,0.0,1.0,1.0,0.0,0.0,1.0,1.0,0.0,0.0,1.0,0.0,0.0,0.0
965,13.7,1200.0,506.0,250.0,1,0,0,0,0,1,0,1,0,0.0,0.0,0.0,0.0,0.0,0.0,0.0,1.0,1.0,0.0,0.0,0.0,1.0,0.0,0.0,1.0,0.0,0.0,0.0
966,7.7,1200.0,324.0,177.0,1,0,0,0,0,1,0,1,0,0.0,0.0,0.0,0.0,0.0,0.0,0.0,1.0,1.0,0.0,1.0,0.0,0.0,0.0,0.0,0.0,0.0,0.0,0.0
967,7.4,1200.0,102.0,101.0,1,0,0,0,0,1,0,1,0,0.0,0.0,0.0,0.0,0.0,0.0,0.0,0.0,1.0,0.0,1.0,0.0,0.3,1.0,0.0,0.0,0.0,0.0,0.0
968,6.5,1200.0,61.0,94.0,1,0,0,0,0,1,0,1,0,0.0,0.0,0.0,0.0,0.0,0.0,0.0,0.0,1.0,0.0,1.0,0.0,0.0,1.0,0.0,0.0,0.0,0.0,0.0
980,8.0,25.0,293.1,220.0,0,1,0,1,0,0,0,0,1,0.0,1.0,1.0,1.0,0.0,1.0,1.0,0.0,0.0,0.0,0.0,0.0,0.0,0.0,0.0,0.0,0.0,0.0,0.0
981,9.9,25.0,985.0,107.0,0,1,0,1,0,0,0,1,0,0.0,0.0,0.0,0.0,0.0,0.0,0.0,0.0,1.0,0.0,1.0,0.0,1.0,1.0,1.0,0.0,0.0,0.0,0.0
982,9.9,25.0,972.0,107.0,0,1,0,1,0,0,0,1,0,0.0,0.0,0.0,0.0,0.0,0.0,0.0,0.0,1.0,0.0,1.0,0.0,1.0,1.0,1.0,0.0,0.0,0.0,0.0
983,9.9,25.0,967.0,107.0,0,1,0,1,0,0,0,1,0,0.0,0.0,0.0,0.0,0.0,0.0,0.0,0.0,1.0,0.0,1.0,0.0,1.0,1.0,1.0,0.0,0.0,0.0,0.0
985,8.5,25.0,276.0,207.0,0,1,0,1,0,0,0,0,1,0.0,1.0,1.0,1.0,0.0,0.0,0.0,0.0,0.0,0.0,0.0,0.0,0.0,0.0,0.0,0.0,0.0,0.0,0.0
986,8.5,25.0,217.0,207.0,0,1,0,1,0,0,0,0,1,0.0,1.0,1.0,1.0,0.0,0.0,0.0,0.0,0.0,0.0,0.0,0.0,0.0,0.0,0.0,0.0,0.0,0.0,0.0
987,8.5,25.0,201.0,207.0,0,1,0,1,0,0,0,0,1,0.0,1.0,1.0,1.0,0.0,0.0,0.0,0.0,0.0,0.0,0.0,0.0,0.0,0.0,0.0,0.0,0.0,0.0,0.0
992,8.7,25.0,1719.0,128.0,1,0,1,0,0,0,0,1,0,0.0,0.0,0.0,0.0,0.0,0.0,0.0,1.0,1.0,0.0,1.0,0.0,0.0,1.0,1.0,0.0,0.0,0.0,0.0
995,8.1,25.0,529.0,203.0,0,1,0,1,0,0,0,0,1,0.0,0.0,1.0,1.0,0.0,0.0,1.0,0.0,0.0,0.0,0.0,0.0,0.0,0.0,0.0,0.0,0.0,0.0,0.0
996,8.1,25.0,522.0,203.0,0,1,0,1,0,0,0,0,1,0.0,0.0,1.0,1.0,0.0,0.0,1.0,0.0,0.0,0.0,0.0,0.0,0.0,0.0,0.0,0.0,0.0,0.0,0.0
997,8.1,25.0,460.0,203.0,0,1,0,1,0,0,0,0,1,0.0,0.0,1.0,1.0,0.0,0.0,1.0,0.0,0.0,0.0,0.0,0.0,0.0,0.0,0.0,0.0,0.0,0.0,0.0
998,8.1,25.0,407.0,203.0,0,1,0,1,0,0,0,0,1,0.0,0.0,1.0,1.0,0.0,0.0,1.0,0.0,0.0,0.0,0.0,0.0,0.0,0.0,0.0,0.0,0.0,0.0,0.0
999,8.1,25.0,372.0,203.0,0,1,0,1,0,0,0,0,1,0.0,0.0,1.0,1.0,0.0,0.0,1.0,0.0,0.0,0.0,0.0,0.0,0.0,0.0,0.0,0.0,0.0,0.0,0.0
1000,8.1,25.0,322.0,203.0,0,1,0,1,0,0,0,0,1,0.0,0.0,1.0,1.0,0.0,0.0,1.0,0.0,0.0,0.0,0.0,0.0,0.0,0.0,0.0,0.0,0.0,0.0,0.0
1001,8.4,25.0,333.0,202.0,0,1,0,1,0,0,0,0,1,0.0,1.0,0.0,1.0,0.0,0.0,1.0,0.0,0.0,0.0,0.0,0.0,0.0,0.0,0.0,0.0,0.0,0.0,0.0
1002,8.4,25.0,601.0,202.0,0,1,0,1,0,0,0,0,1,0.0,1.0,0.0,1.0,0.0,0.0,1.0,0.0,0.0,0.0,0.0,0.0,0.0,0.0,0.0,0.0,0.0,0.0,0.0
1003,8.4,25.0,321.0,202.0,0,1,0,1,0,0,0,0,1,0.0,1.0,0.0,1.0,0.0,0.0,1.0,0.0,0.0,0.0,0.0,0.0,0.0,0.0,0.0,0.0,0.0,0.0,0.0
1004,8.4,25.0,267.0,202.0,0,1,0,1,0,0,0,0,1,0.0,1.0,0.0,1.0,0.0,0.0,1.0,0.0,0.0,0.0,0.0,0.0,0.0,0.0,0.0,0.0,0.0,0.0,0.0
1005,8.7,25.0,745.0,213.0,0,1,0,1,0,0,0,0,1,0.0,1.0,0.0,1.0,0.0,0.25,0.0,0.0,0.0,0.0,0.0,0.0,0.0,0.0,0.0,0.0,0.0,0.0,0.0
1006,8.7,25.0,623.0,213.0,0,1,0,1,0,0,0,0,1,0.0,1.0,0.0,1.0,0.0,0.25,0.0,0.0,0.0,0.0,0.0,0.0,0.0,0.0,0.0,0.0,0.0,0.0,0.0
1007,8.7,25.0,387.0,213.0,0,1,0,1,0,0,0,0,1,0.0,1.0,0.0,1.0,0.0,0.25,0.0,0.0,0.0,0.0,0.0,0.0,0.0,0.0,0.0,0.0,0.0,0.0,0.0
1008,8.7,25.0,330.0,213.0,0,1,0,1,0,0,0,0,1,0.0,1.0,0.0,1.0,0.0,0.25,0.0,0.0,0.0,0.0,0.0,0.0,0.0,0.0,0.0,0.0,0.0,0.0,0.0
1009,8.2,25.0,631.0,226.0,0,1,0,1,0,0,0,0,1,0.0,1.0,1.0,1.0,0.0,1.0,0.0,0.0,0.0,0.0,0.0,0.0,0.0,0.0,0.0,0.0,0.0,0.0,0.0
1010,8.2,25.0,494.0,226.0,0,1,0,1,0,0,0,0,1,0.0,1.0,1.0,1.0,0.0,1.0,0.0,0.0,0.0,0.0,0.0,0.0,0.0,0.0,0.0,0.0,0.0,0.0,0.0
1011,8.2,25.0,448.0,226.0,0,1,0,1,0,0,0,0,1,0.0,1.0,1.0,1.0,0.0,1.0,0.0,0.0,0.0,0.0,0.0,0.0,0.0,0.0,0.0,0.0,0.0,0.0,0.0
1012,8.2,25.0,273.0,226.0,0,1,0,1,0,0,0,0,1,0.0,1.0,1.0,1.0,0.0,1.0,0.0,0.0,0.0,0.0,0.0,0.0,0.0,0.0,0.0,0.0,0.0,0.0,0.0
1013,8.2,25.0,172.0,226.0,0,1,0,1,0,0,0,0,1,0.0,1.0,1.0,1.0,0.0,1.0,0.0,0.0,0.0,0.0,0.0,0.0,0.0,0.0,0.0,0.0,0.0,0.0,0.0
1014,8.1,25.0,518.0,238.0,0,1,0,1,0,0,0,0,1,0.0,0.25,0.0,1.0,0.0,1.0,0.0,0.0,0.0,0.0,0.0,0.0,0.0,0.0,0.0,0.0,0.0,0.0,0.0
1015,8.1,25.0,462.0,238.0,0,1,0,1,0,0,0,0,1,0.0,0.25,0.0,1.0,0.0,1.0,0.0,0.0,0.0,0.0,0.0,0.0,0.0,0.0,0.0,0.0,0.0,0.0,0.0
1016,8.1,25.0,395.0,238.0,0,1,0,1,0,0,0,0,1,0.0,0.25,0.0,1.0,0.0,1.0,0.0,0.0,0.0,0.0,0.0,0.0,0.0,0.0,0.0,0.0,0.0,0.0,0.0
1017,8.1,25.0,356.0,238.0,0,1,0,1,0,0,0,0,1,0.0,0.25,0.0,1.0,0.0,1.0,0.0,0.0,0.0,0.0,0.0,0.0,0.0,0.0,0.0,0.0,0.0,0.0,0.0
1029,8.0,25.0,210.0,220.0,0,1,1,0,0,0,0,0,1,0.0,1.0,1.0,1.0,0.0,1.0,1.0,0.0,0.0,0.0,0.0,0.0,0.0,0.0,0.0,0.0,0.0,0.0,0.0
1030,8.0,25.0,1150.0,220.0,0,1,0,1,0,0,0,0,1,0.0,1.0,1.0,1.0,0.0,1.0,1.0,0.0,0.0,0.0,0.0,0.0,0.0,0.0,0.0,0.0,0.0,0.0,0.0
1031,8.0,25.0,1300.0,220.0,0,1,0,1,0,0,0,0,1,0.0,1.0,1.0,1.0,0.0,1.0,1.0,0.0,0.0,0.0,0.0,0.0,0.0,0.0,0.0,0.0,0.0,0.0,0.0
1032,8.0,25.0,1050.0,220.0,0,1,0,1,0,0,0,0,1,0.0,1.0,1.0,1.0,0.0,1.0,1.0,0.0,0.0,0.0,0.0,0.0,0.0,0.0,0.0,0.0,0.0,0.0,0.0
1033,8.0,25.0,560.0,220.0,0,1,0,1,0,0,0,0,1,0.0,1.0,1.0,1.0,0.0,1.0,1.0,0.0,0.0,0.0,0.0,0.0,0.0,0.0,0.0,0.0,0.0,0.0,0.0
1034,8.0,25.0,520.0,220.0,0,1,0,1,0,0,0,0,1,0.0,1.0,1.0,1.0,0.0,1.0,1.0,0.0,0.0,0.0,0.0,0.0,0.0,0.0,0.0,0.0,0.0,0.0,0.0
1035,8.0,25.0,320.0,220.0,0,1,0,1,0,0,0,0,1,0.0,1.0,1.0,1.0,0.0,1.0,1.0,0.0,0.0,0.0,0.0,0.0,0.0,0.0,0.0,0.0,0.0,0.0,0.0
1036,8.0,25.0,280.0,220.0,0,1,0,1,0,0,0,0,1,0.0,1.0,1.0,1.0,0.0,1.0,1.0,0.0,0.0,0.0,0.0,0.0,0.0,0.0,0.0,0.0,0.0,0.0,0.0
1037,8.4,-196.0,419.0,202.0,0,1,1,0,0,0,0,0,1,0.0,0.5,0.5,1.0,0.0,0.0,0.0,0.1,0.0,0.0,0.0,0.25,0.0,0.0,0.0,0.0,0.0,0.0,0.0
1038,8.4,-70.0,350.0,202.0,0,1,1,0,0,0,0,0,1,0.0,0.5,0.5,1.0,0.0,0.0,0.0,0.1,0.0,0.0,0.0,0.25,0.0,0.0,0.0,0.0,0.0,0.0,0.0
1039,8.4,20.0,252.0,202.0,0,1,1,0,0,0,0,0,1,0.0,0.5,0.5,1.0,0.0,0.0,0.0,0.1,0.0,0.0,0.0,0.25,0.0,0.0,0.0,0.0,0.0,0.0,0.0
1040,8.4,600.0,214.0,202.0,0,1,1,0,0,0,0,0,1,0.0,0.5,0.5,1.0,0.0,0.0,0.0,0.1,0.0,0.0,0.0,0.25,0.0,0.0,0.0,0.0,0.0,0.0,0.0
1041,8.4,700.0,212.0,202.0,0,1,1,0,0,0,0,0,1,0.0,0.5,0.5,1.0,0.0,0.0,0.0,0.1,0.0,0.0,0.0,0.25,0.0,0.0,0.0,0.0,0.0,0.0,0.0
1042,8.4,800.0,187.0,202.0,0,1,1,0,0,0,0,0,1,0.0,0.5,0.5,1.0,0.0,0.0,0.0,0.1,0.0,0.0,0.0,0.25,0.0,0.0,0.0,0.0,0.0,0.0,0.0
1068,13.7,25.0,896.0,298.0,1,0,1,0,0,0,0,1,0,0.0,0.0,0.0,0.0,0.0,0.0,0.0,1.0,1.0,0.0,0.0,0.0,0.0,0.0,0.0,1.0,0.0,0.5,0.0
1073,7.4,23.0,520.0,185.0,0,1,0,0,1,0,0,0,1,0.278,0.694,0.417,1.0,0.0,0.222,0.0,0.0,0.0,0.0,0.167,0.0,0.0,0.0,0.0,0.0,0.0,0.0,0.0
1074,7.4,600.0,470.0,185.0,0,1,0,0,1,0,0,0,1,0.278,0.694,0.417,1.0,0.0,0.222,0.0,0.0,0.0,0.0,0.167,0.0,0.0,0.0,0.0,0.0,0.0,0.0,0.0
1075,7.4,700.0,461.0,185.0,0,1,0,0,1,0,0,0,1,0.278,0.694,0.417,1.0,0.0,0.222,0.0,0.0,0.0,0.0,0.167,0.0,0.0,0.0,0.0,0.0,0.0,0.0,0.0
1076,7.4,800.0,445.0,185.0,0,1,0,0,1,0,0,0,1,0.278,0.694,0.417,1.0,0.0,0.222,0.0,0.0,0.0,0.0,0.167,0.0,0.0,0.0,0.0,0.0,0.0,0.0,0.0
1077,7.4,900.0,219.0,185.0,0,1,0,0,1,0,0,0,1,0.278,0.694,0.417,1.0,0.0,0.222,0.0,0.0,0.0,0.0,0.167,0.0,0.0,0.0,0.0,0.0,0.0,0.0,0.0
1078,7.4,23.0,627.0,185.0,0,1,0,0,1,0,0,0,1,0.278,0.694,0.417,1.0,0.0,0.222,0.0,0.0,0.0,0.0,0.167,0.0,0.0,0.0,0.0,0.0,0.0,0.0,0.0
1079,7.4,600.0,594.0,185.0,0,1,0,0,1,0,0,0,1,0.278,0.694,0.417,1.0,0.0,0.222,0.0,0.0,0.0,0.0,0.167,0.0,0.0,0.0,0.0,0.0,0.0,0.0,0.0
1080,7.4,700.0,547.0,185.0,0,1,0,0,1,0,0,0,1,0.278,0.694,0.417,1.0,0.0,0.222,0.0,0.0,0.0,0.0,0.167,0.0,0.0,0.0,0.0,0.0,0.0,0.0,0.0
1081,7.4,800.0,399.0,185.0,0,1,0,0,1,0,0,0,1,0.278,0.694,0.417,1.0,0.0,0.222,0.0,0.0,0.0,0.0,0.167,0.0,0.0,0.0,0.0,0.0,0.0,0.0,0.0
1082,7.4,900.0,243.0,185.0,0,1,0,0,1,0,0,0,1,0.278,0.694,0.417,1.0,0.0,0.222,0.0,0.0,0.0,0.0,0.167,0.0,0.0,0.0,0.0,0.0,0.0,0.0,0.0
1083,7.9,25.0,401.0,208.0,0,1,0,1,0,0,0,0,1,0.0,0.286,1.0,0.714,0.0,0.429,0.143,0.0,0.0,0.0,0.0,0.286,0.0,0.0,0.0,0.0,0.0,0.0,0.0
1084,7.9,25.0,350.0,208.0,0,1,0,1,0,0,0,0,1,0.0,0.286,1.0,0.714,0.0,0.429,0.143,0.0,0.0,0.0,0.0,0.286,0.0,0.0,0.0,0.0,0.0,0.0,0.0
1085,7.9,25.0,312.0,208.0,0,1,0,1,0,0,0,0,1,0.0,0.286,1.0,0.714,0.0,0.429,0.143,0.0,0.0,0.0,0.0,0.286,0.0,0.0,0.0,0.0,0.0,0.0,0.0
1086,7.9,25.0,240.0,208.0,0,1,0,1,0,0,0,0,1,0.0,0.286,1.0,0.714,0.0,0.429,0.143,0.0,0.0,0.0,0.0,0.286,0.0,0.0,0.0,0.0,0.0,0.0,0.0
1087,7.9,25.0,210.0,208.0,0,1,0,1,0,0,0,0,1,0.0,0.286,1.0,0.714,0.0,0.429,0.143,0.0,0.0,0.0,0.0,0.286,0.0,0.0,0.0,0.0,0.0,0.0,0.0
1121,6.5,25.0,1223.0,94.0,1,0,1,0,0,0,0,1,0,0.0,0.0,0.0,0.0,0.0,0.0,0.0,0.0,1.0,0.0,1.0,0.0,0.0,1.0,0.0,0.0,0.0,0.0,0.0
1122,8.4,25.0,1000.0,89.0,1,0,1,0,0,0,0,1,0,0.0,0.0,0.0,0.0,0.0,0.0,0.0,0.0,1.0,0.0,1.0,0.0,0.0,1.0,1.0,0.0,0.0,0.0,0.0
1125,6.5,800.0,462.0,94.0,1,0,1,0,0,0,0,1,0,0.0,0.0,0.0,0.0,0.0,0.0,0.0,0.0,1.0,0.0,1.0,0.0,0.0,1.0,0.0,0.0,0.0,0.0,0.0
1126,8.4,800.0,303.0,89.0,1,0,1,0,0,0,0,1,0,0.0,0.0,0.0,0.0,0.0,0.0,0.0,0.0,1.0,0.0,1.0,0.0,0.0,1.0,1.0,0.0,0.0,0.0,0.0
1127,6.5,1000.0,218.0,94.0,1,0,1,0,0,0,0,1,0,0.0,0.0,0.0,0.0,0.0,0.0,0.0,0.0,1.0,0.0,1.0,0.0,0.0,1.0,0.0,0.0,0.0,0.0,0.0
1128,8.4,1000.0,154.0,89.0,1,0,1,0,0,0,0,1,0,0.0,0.0,0.0,0.0,0.0,0.0,0.0,0.0,1.0,0.0,1.0,0.0,0.0,1.0,1.0,0.0,0.0,0.0,0.0
1129,8.2,25.0,163.0,226.0,1,0,1,0,0,0,0,0,1,0.0,1.0,1.0,1.0,0.0,1.0,0.0,0.0,0.0,0.0,0.0,0.0,0.0,0.0,0.0,0.0,0.0,0.0,0.0
1130,8.9,25.0,335.0,238.0,1,0,1,0,0,0,0,0,1,0.0,1.0,1.0,1.0,0.0,1.0,0.0,0.0,0.0,0.0,0.0,0.0,0.0,0.0,0.0,0.2,0.0,0.0,0.0
1135,7.8,25.0,62.0,200.0,0,1,0,1,0,0,0,0,1,0.15,0.0,0.5,1.0,0.0,0.5,0.0,0.0,0.0,0.25,0.0,0.0,0.0,0.0,0.0,0.0,0.0,0.0,0.0
1181,7.8,25.0,540.0,214.0,0,1,0,1,0,0,0,0,1,0.0,1.0,1.0,1.0,0.0,1.0,0.0,0.0,0.0,0.0,0.3,0.0,0.0,0.0,0.0,0.0,0.0,0.0,0.0
1184,7.8,25.0,586.0,213.0,0,1,0,1,0,0,0,0,1,0.0,0.333,0.667,1.0,0.0,0.667,0.0,0.0,0.0,0.0,0.2,0.0,0.0,0.0,0.0,0.0,0.0,0.0,0.0
1185,7.8,25.0,672.0,212.0,0,1,0,1,0,0,0,0,1,0.0,0.0,0.5,1.0,0.0,0.5,0.0,0.0,0.0,0.0,0.15,0.0,0.0,0.0,0.0,0.0,0.0,0.0,0.0
1187,10.0,20.0,573.0,136.0,1,0,0,1,0,0,0,1,0,0.0,0.0,0.0,0.0,0.0,0.0,0.0,0.0,1.0,0.0,1.0,0.0,1.0,0.0,0.0,0.0,0.0,0.0,0.0
1188,10.0,100.0,486.0,136.0,1,0,0,1,0,0,0,1,0,0.0,0.0,0.0,0.0,0.0,0.0,0.0,0.0,1.0,0.0,1.0,0.0,1.0,0.0,0.0,0.0,0.0,0.0,0.0
1189,10.0,200.0,378.0,136.0,1,0,0,1,0,0,0,1,0,0.0,0.0,0.0,0.0,0.0,0.0,0.0,0.0,1.0,0.0,1.0,0.0,1.0,0.0,0.0,0.0,0.0,0.0,0.0
1190,10.0,300.0,314.0,136.0,1,0,0,1,0,0,0,1,0,0.0,0.0,0.0,0.0,0.0,0.0,0.0,0.0,1.0,0.0,1.0,0.0,1.0,0.0,0.0,0.0,0.0,0.0,0.0
1191,10.0,400.0,232.0,136.0,1,0,0,1,0,0,0,1,0,0.0,0.0,0.0,0.0,0.0,0.0,0.0,0.0,1.0,0.0,1.0,0.0,1.0,0.0,0.0,0.0,0.0,0.0,0.0
1192,10.0,600.0,222.0,136.0,1,0,0,1,0,0,0,1,0,0.0,0.0,0.0,0.0,0.0,0.0,0.0,0.0,1.0,0.0,1.0,0.0,1.0,0.0,0.0,0.0,0.0,0.0,0.0
1193,10.0,800.0,210.0,136.0,1,0,0,1,0,0,0,1,0,0.0,0.0,0.0,0.0,0.0,0.0,0.0,0.0,1.0,0.0,1.0,0.0,1.0,0.0,0.0,0.0,0.0,0.0,0.0
1194,10.0,1000.0,160.0,136.0,1,0,0,1,0,0,0,1,0,0.0,0.0,0.0,0.0,0.0,0.0,0.0,0.0,1.0,0.0,1.0,0.0,1.0,0.0,0.0,0.0,0.0,0.0,0.0
1195,8.2,20.0,1152.0,120.0,1,0,1,0,0,0,0,1,0,1.0,0.0,0.0,0.0,0.0,0.0,0.0,0.0,1.0,0.0,1.0,0.0,1.0,0.0,0.0,0.0,0.0,0.0,0.0
1196,8.2,200.0,740.0,120.0,1,0,1,0,0,0,0,1,0,1.0,0.0,0.0,0.0,0.0,0.0,0.0,0.0,1.0,0.0,1.0,0.0,1.0,0.0,0.0,0.0,0.0,0.0,0.0
1197,8.2,100.0,740.0,120.0,1,0,1,0,0,0,0,1,0,1.0,0.0,0.0,0.0,0.0,0.0,0.0,0.0,1.0,0.0,1.0,0.0,1.0,0.0,0.0,0.0,0.0,0.0,0.0
1198,10.0,20.0,1210.0,179.0,1,0,0,0,1,0,0,1,0,0.0,0.0,0.0,0.0,0.0,0.0,0.0,1.0,1.0,0.0,1.0,0.0,1.0,0.0,0.0,0.0,0.0,0.0,0.0
1199,10.0,60.0,1071.0,179.0,1,0,0,0,1,0,0,1,0,0.0,0.0,0.0,0.0,0.0,0.0,0.0,1.0,1.0,0.0,1.0,0.0,1.0,0.0,0.0,0.0,0.0,0.0,0.0
1200,10.0,100.0,1029.0,179.0,1,0,0,0,1,0,0,1,0,0.0,0.0,0.0,0.0,0.0,0.0,0.0,1.0,1.0,0.0,1.0,0.0,1.0,0.0,0.0,0.0,0.0,0.0,0.0
1201,10.0,200.0,868.0,179.0,1,0,0,0,1,0,0,1,0,0.0,0.0,0.0,0.0,0.0,0.0,0.0,1.0,1.0,0.0,1.0,0.0,1.0,0.0,0.0,0.0,0.0,0.0,0.0
1202,10.0,300.0,732.0,179.0,1,0,0,0,1,0,0,1,0,0.0,0.0,0.0,0.0,0.0,0.0,0.0,1.0,1.0,0.0,1.0,0.0,1.0,0.0,0.0,0.0,0.0,0.0,0.0
1203,10.0,400.0,685.0,179.0,1,0,0,0,1,0,0,1,0,0.0,0.0,0.0,0.0,0.0,0.0,0.0,1.0,1.0,0.0,1.0,0.0,1.0,0.0,0.0,0.0,0.0,0.0,0.0
1204,10.0,600.0,593.0,179.0,1,0,0,0,1,0,0,1,0,0.0,0.0,0.0,0.0,0.0,0.0,0.0,1.0,1.0,0.0,1.0,0.0,1.0,0.0,0.0,0.0,0.0,0.0,0.0
1205,10.0,800.0,564.0,179.0,1,0,0,0,1,0,0,1,0,0.0,0.0,0.0,0.0,0.0,0.0,0.0,1.0,1.0,0.0,1.0,0.0,1.0,0.0,0.0,0.0,0.0,0.0,0.0
1206,10.0,1000.0,539.0,179.0,1,0,0,0,1,0,0,1,0,0.0,0.0,0.0,0.0,0.0,0.0,0.0,1.0,1.0,0.0,1.0,0.0,1.0,0.0,0.0,0.0,0.0,0.0,0.0
1207,12.1,20.0,1054.0,198.0,1,0,0,0,1,0,0,1,0,0.0,0.0,0.0,0.0,0.0,0.0,0.0,0.0,1.0,0.0,1.0,0.0,1.0,0.0,0.0,1.0,0.0,0.0,0.0
1208,12.1,100.0,968.0,198.0,1,0,0,0,1,0,0,1,0,0.0,0.0,0.0,0.0,0.0,0.0,0.0,0.0,1.0,0.0,1.0,0.0,1.0,0.0,0.0,1.0,0.0,0.0,0.0
1209,12.1,200.0,869.0,198.0,1,0,0,0,1,0,0,1,0,0.0,0.0,0.0,0.0,0.0,0.0,0.0,0.0,1.0,0.0,1.0,0.0,1.0,0.0,0.0,1.0,0.0,0.0,0.0
1210,12.1,300.0,754.0,198.0,1,0,0,0,1,0,0,1,0,0.0,0.0,0.0,0.0,0.0,0.0,0.0,0.0,1.0,0.0,1.0,0.0,1.0,0.0,0.0,1.0,0.0,0.0,0.0
1211,12.1,400.0,627.0,198.0,1,0,0,0,1,0,0,1,0,0.0,0.0,0.0,0.0,0.0,0.0,0.0,0.0,1.0,0.0,1.0,0.0,1.0,0.0,0.0,1.0,0.0,0.0,0.0
1212,12.1,600.0,596.0,198.0,1,0,0,0,1,0,0,1,0,0.0,0.0,0.0,0.0,0.0,0.0,0.0,0.0,1.0,0.0,1.0,0.0,1.0,0.0,0.0,1.0,0.0,0.0,0.0
1213,12.1,800.0,564.0,198.0,1,0,0,0,1,0,0,1,0,0.0,0.0,0.0,0.0,0.0,0.0,0.0,0.0,1.0,0.0,1.0,0.0,1.0,0.0,0.0,1.0,0.0,0.0,0.0
1214,12.1,1000.0,459.0,198.0,1,0,0,0,1,0,0,1,0,0.0,0.0,0.0,0.0,0.0,0.0,0.0,0.0,1.0,0.0,1.0,0.0,1.0,0.0,0.0,1.0,0.0,0.0,0.0
1215,10.9,20.0,860.0,119.0,1,0,0,0,1,0,0,1,0,0.0,0.0,0.0,0.0,0.0,0.0,0.0,0.0,1.0,0.0,1.0,0.0,1.0,0.0,1.0,0.0,0.0,0.0,0.0
1216,10.9,20.0,834.0,119.0,1,0,0,0,1,0,0,1,0,0.0,0.0,0.0,0.0,0.0,0.0,0.0,0.0,1.0,0.0,1.0,0.0,1.0,0.0,1.0,0.0,0.0,0.0,0.0
1217,10.9,200.0,610.0,119.0,1,0,0,0,1,0,0,1,0,0.0,0.0,0.0,0.0,0.0,0.0,0.0,0.0,1.0,0.0,1.0,0.0,1.0,0.0,1.0,0.0,0.0,0.0,0.0
1218,10.9,600.0,473.0,119.0,1,0,0,0,1,0,0,1,0,0.0,0.0,0.0,0.0,0.0,0.0,0.0,0.0,1.0,0.0,1.0,0.0,1.0,0.0,1.0,0.0,0.0,0.0,0.0
1219,7.6,20.0,1630.0,196.0,1,0,0,0,1,0,0,1,0,0.0,0.0,0.0,0.0,0.0,1.0,0.0,1.0,1.0,0.0,1.0,0.0,0.0,0.0,0.0,0.0,0.0,0.0,0.0
1220,7.6,200.0,1268.0,196.0,1,0,0,0,1,0,0,1,0,0.0,0.0,0.0,0.0,0.0,1.0,0.0,1.0,1.0,0.0,1.0,0.0,0.0,0.0,0.0,0.0,0.0,0.0,0.0
1221,7.6,400.0,1115.0,196.0,1,0,0,0,1,0,0,1,0,0.0,0.0,0.0,0.0,0.0,1.0,0.0,1.0,1.0,0.0,1.0,0.0,0.0,0.0,0.0,0.0,0.0,0.0,0.0
1222,7.6,600.0,1062.0,196.0,1,0,0,0,1,0,0,1,0,0.0,0.0,0.0,0.0,0.0,1.0,0.0,1.0,1.0,0.0,1.0,0.0,0.0,0.0,0.0,0.0,0.0,0.0,0.0
1223,7.6,800.0,1058.0,196.0,1,0,0,0,1,0,0,1,0,0.0,0.0,0.0,0.0,0.0,1.0,0.0,1.0,1.0,0.0,1.0,0.0,0.0,0.0,0.0,0.0,0.0,0.0,0.0
1232,6.5,25.0,1160.0,100.0,1,0,1,0,0,0,0,1,0,0.0,0.0,0.0,0.0,0.0,0.0,0.0,0.0,0.0,0.0,1.0,0.5,0.0,0.5,0.25,0.0,0.0,0.0,0.0
1233,6.5,600.0,405.0,100.0,1,0,1,0,0,0,0,1,0,0.0,0.0,0.0,0.0,0.0,0.0,0.0,0.0,0.0,0.0,1.0,0.5,0.0,0.5,0.25,0.0,0.0,0.0,0.0
1234,6.5,800.0,85.0,100.0,1,0,1,0,0,0,0,1,0,0.0,0.0,0.0,0.0,0.0,0.0,0.0,0.0,0.0,0.0,1.0,0.5,0.0,0.5,0.25,0.0,0.0,0.0,0.0
1235,6.6,25.0,1115.0,100.0,1,0,1,0,0,0,0,1,0,0.0,0.0,0.0,0.0,0.0,0.0,0.0,0.0,0.125,0.0,1.0,0.5,0.0,0.5,0.25,0.0,0.0,0.0,0.0
1236,6.7,25.0,1065.0,100.0,1,0,1,0,0,0,0,1,0,0.0,0.0,0.0,0.0,0.0,0.0,0.0,0.0,0.25,0.0,1.0,0.5,0.0,0.5,0.25,0.0,0.0,0.0,0.0
1237,6.7,600.0,718.0,100.0,1,0,1,0,0,0,0,1,0,0.0,0.0,0.0,0.0,0.0,0.0,0.0,0.0,0.25,0.0,1.0,0.5,0.0,0.5,0.25,0.0,0.0,0.0,0.0
1238,6.7,800.0,135.0,100.0,1,0,1,0,0,0,0,1,0,0.0,0.0,0.0,0.0,0.0,0.0,0.0,0.0,0.25,0.0,1.0,0.5,0.0,0.5,0.25,0.0,0.0,0.0,0.0
1239,6.8,25.0,1025.0,100.0,1,0,1,0,0,0,0,1,0,0.0,0.0,0.0,0.0,0.0,0.0,0.0,0.0,0.375,0.0,1.0,0.5,0.0,0.5,0.25,0.0,0.0,0.0,0.0
1240,6.9,25.0,980.0,101.0,1,0,1,0,0,0,0,1,0,0.0,0.0,0.0,0.0,0.0,0.0,0.0,0.0,0.5,0.0,1.0,0.5,0.0,0.5,0.25,0.0,0.0,0.0,0.0
1241,6.9,600.0,859.0,101.0,1,0,1,0,0,0,0,1,0,0.0,0.0,0.0,0.0,0.0,0.0,0.0,0.0,0.5,0.0,1.0,0.5,0.0,0.5,0.25,0.0,0.0,0.0,0.0
1242,6.9,800.0,195.0,101.0,1,0,1,0,0,0,0,1,0,0.0,0.0,0.0,0.0,0.0,0.0,0.0,0.0,0.5,0.0,1.0,0.5,0.0,0.5,0.25,0.0,0.0,0.0,0.0
1274,7.7,25.0,213.0,212.0,0,1,1,0,0,0,0,0,1,0.0,0.25,1.0,0.0,0.0,0.25,1.0,0.0,0.0,0.0,0.0,0.0,0.0,0.0,0.0,0.0,0.0,0.0,0.0
1275,7.7,25.0,393.0,212.0,0,1,1,0,0,0,0,0,1,0.0,0.25,1.0,0.0,0.0,0.25,1.0,0.0,0.0,0.0,0.0,0.0,0.0,0.0,0.0,0.0,0.0,0.0,0.0
1276,7.7,25.0,792.0,212.0,0,1,0,1,0,0,0,0,1,0.0,0.25,1.0,0.0,0.0,0.25,1.0,0.0,0.0,0.0,0.0,0.0,0.0,0.0,0.0,0.0,0.0,0.0,0.0
1277,7.7,25.0,559.0,212.0,0,1,0,1,0,0,0,0,1,0.0,0.25,1.0,0.0,0.0,0.25,1.0,0.0,0.0,0.0,0.0,0.0,0.0,0.0,0.0,0.0,0.0,0.0,0.0
1278,7.7,25.0,512.0,212.0,0,1,0,1,0,0,0,0,1,0.0,0.25,1.0,0.0,0.0,0.25,1.0,0.0,0.0,0.0,0.0,0.0,0.0,0.0,0.0,0.0,0.0,0.0,0.0
1279,7.7,25.0,476.0,212.0,0,1,0,1,0,0,0,0,1,0.0,0.25,1.0,0.0,0.0,0.25,1.0,0.0,0.0,0.0,0.0,0.0,0.0,0.0,0.0,0.0,0.0,0.0,0.0
1280,8.0,25.0,353.0,220.0,0,1,0,1,0,0,0,0,1,0.0,1.0,1.0,1.0,0.0,1.0,1.0,0.0,0.0,0.0,0.0,0.0,0.0,0.0,0.0,0.0,0.0,0.0,0.0
1288,13.7,25.0,1217.0,250.0,1,0,0,0,0,0,1,1,0,0.0,0.0,0.0,0.0,0.0,0.0,0.0,1.0,1.0,0.0,0.0,0.0,1.0,0.0,0.0,1.0,0.0,0.0,0.0
1309,8.0,25.0,1199.26,220.0,0,1,0,1,0,0,0,0,1,0.0,1.0,1.0,1.0,0.0,1.0,1.0,0.0,0.0,0.0,0.0,0.0,0.0,0.0,0.0,0.0,0.0,0.0,0.0
1310,8.0,25.0,1269.23,220.0,0,1,0,1,0,0,0,0,1,0.0,1.0,1.0,1.0,0.0,1.0,1.0,0.0,0.0,0.0,0.0,0.0,0.0,0.0,0.0,0.0,0.0,0.0,0.0
1311,8.0,25.0,1371.21,220.0,0,1,0,1,0,0,0,0,1,0.0,1.0,1.0,1.0,0.0,1.0,1.0,0.0,0.0,0.0,0.0,0.0,0.0,0.0,0.0,0.0,0.0,0.0,0.0
1312,8.0,25.0,1362.74,220.0,0,1,0,1,0,0,0,0,1,0.0,1.0,1.0,1.0,0.0,1.0,1.0,0.0,0.0,0.0,0.0,0.0,0.0,0.0,0.0,0.0,0.0,0.0,0.0
1313,8.0,25.0,1241.81,220.0,0,1,0,1,0,0,0,0,1,0.0,1.0,1.0,1.0,0.0,1.0,1.0,0.0,0.0,0.0,0.0,0.0,0.0,0.0,0.0,0.0,0.0,0.0,0.0
1314,8.0,25.0,930.3,220.0,0,1,0,1,0,0,0,0,1,0.0,1.0,1.0,1.0,0.0,1.0,1.0,0.0,0.0,0.0,0.0,0.0,0.0,0.0,0.0,0.0,0.0,0.0,0.0
1315,8.0,25.0,729.21,220.0,0,1,0,1,0,0,0,0,1,0.0,1.0,1.0,1.0,0.0,1.0,1.0,0.0,0.0,0.0,0.0,0.0,0.0,0.0,0.0,0.0,0.0,0.0,0.0
1316,8.0,25.0,494.82,220.0,0,1,0,1,0,0,0,0,1,0.0,1.0,1.0,1.0,0.0,1.0,1.0,0.0,0.0,0.0,0.0,0.0,0.0,0.0,0.0,0.0,0.0,0.0,0.0
1317,8.0,25.0,366.88,220.0,0,1,0,1,0,0,0,0,1,0.0,1.0,1.0,1.0,0.0,1.0,1.0,0.0,0.0,0.0,0.0,0.0,0.0,0.0,0.0,0.0,0.0,0.0,0.0
1318,8.0,25.0,290.65,220.0,0,1,0,1,0,0,0,0,1,0.0,1.0,1.0,1.0,0.0,1.0,1.0,0.0,0.0,0.0,0.0,0.0,0.0,0.0,0.0,0.0,0.0,0.0,0.0
1319,8.0,25.0,258.76,220.0,0,1,0,1,0,0,0,0,1,0.0,1.0,1.0,1.0,0.0,1.0,1.0,0.0,0.0,0.0,0.0,0.0,0.0,0.0,0.0,0.0,0.0,0.0,0.0
1340,7.5,25.0,280.0,204.0,0,1,1,0,0,0,0,0,1,0.143,0.0,1.0,0.571,0.0,0.343,0.8,0.0,0.0,0.0,0.0,0.0,0.0,0.0,0.0,0.0,0.0,0.0,0.0
1341,7.2,25.0,320.0,195.0,0,1,0,1,0,0,0,0,1,0.286,0.0,1.0,0.571,0.0,0.343,0.657,0.0,0.0,0.0,0.0,0.0,0.0,0.0,0.0,0.0,0.0,0.0,0.0
1342,7.5,25.0,1253.0,204.0,0,1,1,0,0,0,0,0,1,0.143,0.0,1.0,0.571,0.0,0.343,0.8,0.0,0.0,0.0,0.0,0.0,0.0,0.0,0.0,0.0,0.0,0.0,0.0
1343,7.2,25.0,1400.0,195.0,0,1,0,1,0,0,0,0,1,0.286,0.0,1.0,0.571,0.0,0.343,0.657,0.0,0.0,0.0,0.0,0.0,0.0,0.0,0.0,0.0,0.0,0.0,0.0
1347,8.3,25.0,489.0,231.0,0,1,1,0,0,0,0,0,1,0.0,1.0,1.0,1.0,0.0,1.0,0.0,0.15,0.0,0.0,0.0,0.0,0.0,0.0,0.0,0.0,0.0,0.0,0.0
1350,8.3,25.0,1136.0,231.0,0,1,0,1,0,0,0,0,1,0.0,1.0,1.0,1.0,0.0,1.0,0.0,0.15,0.0,0.0,0.0,0.0,0.0,0.0,0.0,0.0,0.0,0.0,0.0
1351,8.3,25.0,1301.0,231.0,0,1,0,1,0,0,0,0,1,0.0,1.0,1.0,1.0,0.0,1.0,0.0,0.15,0.0,0.0,0.0,0.0,0.0,0.0,0.0,0.0,0.0,0.0,0.0
1369,7.5,25.0,268.0,167.0,1,0,1,0,0,0,0,0,1,0.333,0.333,0.333,1.0,0.0,0.0,0.0,0.0,0.0,0.333,0.0,0.0,0.0,0.0,0.0,0.0,0.0,0.0,0.0
1374,7.8,25.0,225.0,195.0,0,1,1,0,0,0,0,0,1,0.0,1.0,1.0,1.0,0.2,0.2,0.0,0.0,0.0,0.0,0.0,0.0,0.0,0.0,0.0,0.0,0.0,0.0,0.0
1375,7.8,25.0,705.0,195.0,0,1,0,1,0,0,0,0,1,0.0,1.0,1.0,1.0,0.2,0.2,0.0,0.0,0.0,0.0,0.0,0.0,0.0,0.0,0.0,0.0,0.0,0.0,0.0
1376,7.8,25.0,320.0,195.0,0,1,0,1,0,0,0,0,1,0.0,1.0,1.0,1.0,0.2,0.2,0.0,0.0,0.0,0.0,0.0,0.0,0.0,0.0,0.0,0.0,0.0,0.0,0.0
1377,3.2,25.0,422.0,73.0,1,0,1,0,0,0,0,0,1,1.0,0.0,0.077,0.0,0.231,0.0,0.0,0.0,0.0,0.077,0.0,0.0,0.0,0.0,0.0,0.0,0.077,0.0,0.077
1378,3.2,25.0,534.0,72.0,1,0,1,0,0,0,0,0,1,1.0,0.0,0.0,0.077,0.231,0.0,0.0,0.0,0.0,0.077,0.0,0.0,0.0,0.0,0.0,0.0,0.077,0.0,0.077
1379,3.1,25.0,490.0,75.0,1,0,1,0,0,0,0,0,1,1.0,0.0,0.0,0.0,0.231,0.077,0.0,0.0,0.0,0.077,0.0,0.0,0.0,0.0,0.0,0.0,0.077,0.0,0.077
1380,3.2,25.0,622.0,73.0,1,0,1,0,0,0,0,0,1,1.0,0.0,0.0,0.0,0.231,0.0,0.077,0.0,0.0,0.077,0.0,0.0,0.0,0.0,0.0,0.0,0.077,0.0,0.077
1382,8.3,25.0,400.0,232.0,0,1,1,0,0,0,0,0,1,0.0,1.0,1.0,1.0,0.0,1.0,0.0,0.2,0.0,0.0,0.0,0.0,0.0,0.0,0.0,0.0,0.0,0.0,0.0
1406,7.4,25.0,2475.41,212.0,1,0,1,0,0,0,0,1,0,0.0,0.0,1.0,1.0,0.0,1.0,0.0,0.0,0.0,0.0,0.4,0.0,0.0,0.0,0.0,0.0,0.0,0.0,0.0
1407,7.3,25.0,2380.79,208.0,1,0,1,0,0,0,0,1,0,0.0,0.0,1.0,1.0,0.0,1.0,0.0,0.0,0.0,0.0,0.5,0.0,0.0,0.0,0.0,0.0,0.0,0.0,0.0
1408,7.2,25.0,1923.15,204.0,1,0,1,0,0,0,0,1,0,0.0,0.0,1.0,1.0,0.0,1.0,0.0,0.0,0.0,0.0,0.6,0.0,0.0,0.0,0.0,0.0,0.0,0.0,0.0
1436,8.3,25.0,300.0,206.0,1,0,1,0,0,0,0,0,1,0.0,1.0,1.0,1.0,0.0,1.0,0.0,0.0,0.0,1.0,0.0,0.0,0.0,0.0,0.0,0.0,0.0,0.0,0.0
1445,9.9,25.0,1155.0,107.0,0,1,1,0,0,0,0,1,0,0.0,0.0,0.0,0.0,0.0,0.0,0.0,0.0,1.0,0.0,1.0,0.0,1.0,1.0,1.0,0.0,0.0,0.0,0.0
1446,8.9,25.0,1144.0,115.0,0,1,1,0,0,0,0,1,0,0.0,0.0,0.0,0.0,0.0,0.0,0.0,0.0,1.0,0.0,1.0,0.0,1.0,1.0,0.0,0.0,0.0,0.0,0.0
1447,10.0,25.0,620.0,136.0,0,1,1,0,0,0,0,1,0,0.0,0.0,0.0,0.0,0.0,0.0,0.0,0.0,1.0,0.0,1.0,0.0,1.0,0.0,0.0,0.0,0.0,0.0,0.0
1449,6.5,25.0,956.0,94.0,0,1,1,0,0,0,0,1,0,0.0,0.0,0.0,0.0,0.0,0.0,0.0,0.0,1.0,0.0,1.0,0.0,0.0,1.0,0.0,0.0,0.0,0.0,0.0
1474,9.9,25.0,1512.0,137.0,1,0,1,0,0,0,0,1,0,0.0,0.0,0.0,0.0,0.0,0.0,0.0,1.0,1.0,0.0,1.0,0.0,1.0,1.0,1.0,0.0,0.0,0.0,0.0
1475,10.2,25.0,1600.0,143.0,1,0,1,0,0,0,0,1,0,0.0,0.0,0.0,0.0,0.0,0.0,0.0,1.0,0.0,0.0,1.0,0.0,1.0,1.0,1.0,0.0,0.0,0.0,0.0
1476,8.7,25.0,1351.0,128.0,1,0,1,0,0,0,0,1,0,0.0,0.0,0.0,0.0,0.0,0.0,0.0,1.0,1.0,0.0,1.0,0.0,0.0,1.0,1.0,0.0,0.0,0.0,0.0
1477,10.9,25.0,1524.0,141.0,1,0,1,0,0,0,0,1,0,0.0,0.0,0.0,0.0,0.0,0.0,0.0,1.0,1.0,0.0,0.0,0.0,1.0,1.0,1.0,0.0,0.0,0.0,0.0
1478,10.8,25.0,1369.0,155.0,1,0,1,0,0,0,0,1,0,0.0,0.0,0.0,0.0,0.0,0.0,0.0,1.0,1.0,0.0,1.0,0.0,1.0,0.0,1.0,0.0,0.0,0.0,0.0
1479,9.9,800.0,1007.0,137.0,1,0,1,0,0,0,0,1,0,0.0,0.0,0.0,0.0,0.0,0.0,0.0,1.0,1.0,0.0,1.0,0.0,1.0,1.0,1.0,0.0,0.0,0.0,0.0
1480,10.2,800.0,1045.0,143.0,1,0,1,0,0,0,0,1,0,0.0,0.0,0.0,0.0,0.0,0.0,0.0,1.0,0.0,0.0,1.0,0.0,1.0,1.0,1.0,0.0,0.0,0.0,0.0
1481,8.7,800.0,829.0,128.0,1,0,1,0,0,0,0,1,0,0.0,0.0,0.0,0.0,0.0,0.0,0.0,1.0,1.0,0.0,1.0,0.0,0.0,1.0,1.0,0.0,0.0,0.0,0.0
1482,10.9,800.0,1005.0,141.0,1,0,1,0,0,0,0,1,0,0.0,0.0,0.0,0.0,0.0,0.0,0.0,1.0,1.0,0.0,0.0,0.0,1.0,1.0,1.0,0.0,0.0,0.0,0.0
1483,10.8,800.0,822.0,155.0,1,0,1,0,0,0,0,1,0,0.0,0.0,0.0,0.0,0.0,0.0,0.0,1.0,1.0,0.0,1.0,0.0,1.0,0.0,1.0,0.0,0.0,0.0,0.0
1484,9.9,1000.0,814.0,137.0,1,0,1,0,0,0,0,1,0,0.0,0.0,0.0,0.0,0.0,0.0,0.0,1.0,1.0,0.0,1.0,0.0,1.0,1.0,1.0,0.0,0.0,0.0,0.0
1485,10.2,1000.0,855.0,143.0,1,0,1,0,0,0,0,1,0,0.0,0.0,0.0,0.0,0.0,0.0,0.0,1.0,0.0,0.0,1.0,0.0,1.0,1.0,1.0,0.0,0.0,0.0,0.0
1486,8.7,1000.0,721.0,128.0,1,0,1,0,0,0,0,1,0,0.0,0.0,0.0,0.0,0.0,0.0,0.0,1.0,1.0,0.0,1.0,0.0,0.0,1.0,1.0,0.0,0.0,0.0,0.0
1487,10.9,1000.0,927.0,141.0,1,0,1,0,0,0,0,1,0,0.0,0.0,0.0,0.0,0.0,0.0,0.0,1.0,1.0,0.0,0.0,0.0,1.0,1.0,1.0,0.0,0.0,0.0,0.0
1488,10.8,1000.0,778.0,155.0,1,0,1,0,0,0,0,1,0,0.0,0.0,0.0,0.0,0.0,0.0,0.0,1.0,1.0,0.0,1.0,0.0,1.0,0.0,1.0,0.0,0.0,0.0,0.0
1489,9.9,1200.0,556.0,137.0,1,0,1,0,0,0,0,1,0,0.0,0.0,0.0,0.0,0.0,0.0,0.0,1.0,1.0,0.0,1.0,0.0,1.0,1.0,1.0,0.0,0.0,0.0,0.0
1490,10.2,1200.0,404.0,143.0,1,0,1,0,0,0,0,1,0,0.0,0.0,0.0,0.0,0.0,0.0,0.0,1.0,0.0,0.0,1.0,0.0,1.0,1.0,1.0,0.0,0.0,0.0,0.0
1491,8.7,1200.0,301.0,128.0,1,0,1,0,0,0,0,1,0,0.0,0.0,0.0,0.0,0.0,0.0,0.0,1.0,1.0,0.0,1.0,0.0,0.0,1.0,1.0,0.0,0.0,0.0,0.0
1492,10.9,1200.0,694.0,141.0,1,0,1,0,0,0,0,1,0,0.0,0.0,0.0,0.0,0.0,0.0,0.0,1.0,1.0,0.0,0.0,0.0,1.0,1.0,1.0,0.0,0.0,0.0,0.0
1493,10.8,1200.0,699.0,155.0,1,0,1,0,0,0,0,1,0,0.0,0.0,0.0,0.0,0.0,0.0,0.0,1.0,1.0,0.0,1.0,0.0,1.0,0.0,1.0,0.0,0.0,0.0,0.0
1494,10.9,1400.0,278.0,141.0,1,0,1,0,0,0,0,1,0,0.0,0.0,0.0,0.0,0.0,0.0,0.0,1.0,1.0,0.0,0.0,0.0,1.0,1.0,1.0,0.0,0.0,0.0,0.0
1495,10.8,1400.0,367.0,155.0,1,0,1,0,0,0,0,1,0,0.0,0.0,0.0,0.0,0.0,0.0,0.0,1.0,1.0,0.0,1.0,0.0,1.0,0.0,1.0,0.0,0.0,0.0,0.0
1500,9.9,25.0,1438.0,107.0,0,1,0,0,0,1,0,1,0,0.0,0.0,0.0,0.0,0.0,0.0,0.0,0.0,1.0,0.0,1.0,0.0,1.0,1.0,1.0,0.0,0.0,0.0,0.0
1501,9.9,25.0,1159.0,107.0,0,1,0,0,0,1,0,1,0,0.0,0.0,0.0,0.0,0.0,0.0,0.0,0.0,1.0,0.0,1.0,0.0,1.0,1.0,1.0,0.0,0.0,0.0,0.0
1502,9.9,25.0,1134.0,107.0,0,1,0,0,0,1,0,1,0,0.0,0.0,0.0,0.0,0.0,0.0,0.0,0.0,1.0,0.0,1.0,0.0,1.0,1.0,1.0,0.0,0.0,0.0,0.0
1503,9.9,25.0,1094.0,107.0,0,1,0,0,0,1,0,1,0,0.0,0.0,0.0,0.0,0.0,0.0,0.0,0.0,1.0,0.0,1.0,0.0,1.0,1.0,1.0,0.0,0.0,0.0,0.0
1504,9.9,25.0,1071.0,107.0,0,1,0,0,0,1,0,1,0,0.0,0.0,0.0,0.0,0.0,0.0,0.0,0.0,1.0,0.0,1.0,0.0,1.0,1.0,1.0,0.0,0.0,0.0,0.0
1505,9.9,25.0,1107.0,107.0,0,1,0,0,0,1,0,1,0,0.0,0.0,0.0,0.0,0.0,0.0,0.0,0.0,1.0,0.0,1.0,0.0,1.0,1.0,1.0,0.0,0.0,0.0,0.0
1506,9.9,25.0,1115.0,107.0,0,1,0,0,0,1,0,1,0,0.0,0.0,0.0,0.0,0.0,0.0,0.0,0.0,1.0,0.0,1.0,0.0,1.0,1.0,1.0,0.0,0.0,0.0,0.0
1507,9.9,25.0,1114.0,107.0,0,1,0,0,0,1,0,1,0,0.0,0.0,0.0,0.0,0.0,0.0,0.0,0.0,1.0,0.0,1.0,0.0,1.0,1.0,1.0,0.0,0.0,0.0,0.0
